hostname,scheme,dns_ns,first_ns,all_ns,all_byte,Server,X-Served-By,Content-Type
250kb.club,https,132288678,219723737,220210361,50291,Caddy,,text/html; charset=utf-8
3d.readyplayeremma.com,https,64904274,280084480,280283174,326,cloudflare,,text/html; charset=utf-8
0xfab1.net,https,152367634,279339665,281241093,96310,GitHub.com,cache-hel1410029-HEL,text/html; charset=utf-8
5pi.de,https,56434510,303169798,304542073,118762,cloudflare,cache-fra19165-FRA,text/html; charset=utf-8
0x5.be,https,65561993,412662588,412896180,2366,cloudflare,,text/html;charset=utf-8
512kb.club,https,49151089,344062175,440363325,96053,Netlify,,text/html; charset=UTF-8
0x1.pt,https,112608490,493641929,493834202,3042,Netlify,,text/html; charset=UTF-8
a-mo-pa.com,https,143113056,534517537,534672132,304,Apache/2.4.10 (Debian),,text/html
aarontag.dev,https,29013103,333594745,333800219,8103,lighttpd/1.4.53,,text/html
adambennett.dev,https,55834770,62923889,63175061,11196,,cache-hel1410029-HEL,text/html; charset=utf-8
a-shared-404.com,https,149552516,665697911,665826656,3409,nginx/1.16.1,,text/html
abhaynayar.com,https,231153235,370535202,370674517,3056,GitHub.com,cache-hel1410034-HEL,text/html; charset=utf-8
adamtrimble.com,https,61913632,134931622,135449975,3167,AmazonS3,,text/html
adithya.dev,https,35625698,114038732,114419390,23437,cloudflare,,text/html; charset=utf-8
adf.ninja,https,67127073,223398859,223526774,4217,nginx/1.16.1 (Ubuntu),,text/html
adam-p.ca,https,49911023,427442247,427597912,2492,cloudflare,cache-bma1626-BMA,text/html; charset=utf-8
adl1995.github.io,https,22561224,140174211,140782902,43304,GitHub.com,cache-hel1410034-HEL,text/html; charset=utf-8
abhishek.fly.dev,https,52826058,761016184,761536507,12288,Fly/26927321 (2022-03-31),,text/html; charset=utf-8
adriel.co.nz,https,70911609,255595579,255782763,9323,Netlify,,text/html; charset=UTF-8
ae7ii.dev,https,22466658,202076203,202246977,4835,Netlify,,text/html; charset=UTF-8
ahmet.im,https,72314472,169193054,169435257,12982,cloudflare,,text/html
aframe.io,https,29314754,388625482,388867204,15078,cloudflare,,text/html; charset=utf-8
aidenybai.com,https,29343743,129040694,129195329,3649,Vercel,,text/html; charset=utf-8
aaroneiche.com,https,210583427,1281683412,1282582463,36476,Apache,,text/html; charset=UTF-8
afnan.io,https,31788484,529445392,529747102,3257,Netlify,,text/html; charset=UTF-8
akilesh.net,https,60992453,180460289,180783698,5073,GitHub.com,cache-hel1410026-HEL,text/html; charset=utf-8
aftermath.net,https,237460400,550552025,550658692,1211,nginx,,text/html; charset=utf-8
afrodiameter.com,https,182471342,613777524,614158071,21351,Apache,,text/html; charset=utf-8
alcover.fr,https,76986600,168242045,168344062,481,Apache,,text/html
ajnasz.hu,https,230613794,351794514,352450913,52941,nginx/1.20.2,,text/html; charset=utf-8
akselmo.dev,https,192270893,310644774,311074890,11236,Apache/2.4.41 (Ubuntu),,text/html
alexanderobenauer.com,https,62714876,128759743,129388182,26822,Netlify,,text/html; charset=UTF-8
ajxs.me,https,240726444,426694142,426862037,4722,GitHub.com,cache-hel1410023-HEL,text/html; charset=utf-8
abhinavrk.com,https,24794751,1483362498,1638028707,3185,Netlify,,text/html; charset=UTF-8
amdelamar.com,https,69713987,309887268,310713262,18114,cloudflare,cache-bma1652-BMA,text/html; charset=utf-8
ammar-alyousfi.com,https,89577770,293588360,293818453,15169,Netlify,,text/html; charset=UTF-8
anatolinicolae.com,https,40492189,144985503,172147178,121143,Apache,,text/html; charset=UTF-8
andarazoroflove.org,https,49423019,168725540,168826377,596,GitHub.com,cache-hel1410028-HEL,text/html; charset=utf-8
alessandrocuzzocrea.com,https,30960771,600586053,600882643,6352,Netlify,,text/html; charset=UTF-8
alexxx.co,https,82447253,499350393,499695761,1652,cloudflare,,text/html; charset=utf-8
andersource.dev,https,104717336,228207520,228436203,10582,GitHub.com,cache-hel1410020-HEL,text/html; charset=utf-8
amy.gg,https,71236887,447108366,447380157,7195,cloudflare,,text/html; charset=UTF-8
andrewingram.net,https,19926301,121709194,122275216,31811,Vercel,,text/html; charset=utf-8
andregarzia.com,https,187694073,283407972,283555958,11332,Caddy,,text/html; charset=utf-8
andrew.diamonds,https,124706264,432322338,432545591,7800,cloudflare,cache-bma1653-BMA,text/html; charset=utf-8
andyatkinson.com,https,36944486,187993472,188356531,26142,GitHub.com,cache-hel1410030-HEL,text/html; charset=utf-8
4till2.com,https,248080883,2680953341,2713885178,102772,Fly/26927321 (2022-03-31),,text/html; charset=utf-8
andrewzah.com,https,30471027,289140145,289274781,2322,cloudflare,,text/html; charset=utf-8
andykais.com,https,62428654,186430062,186637726,8300,GitHub.com,cache-hel1410024-HEL,text/html; charset=utf-8
achris.me,https,37224996,2433552224,2434619230,47561,Vercel,,text/html; charset=utf-8
arberx.com,https,86711664,275473181,275733443,2856,Google Frontend,,text/html; charset=utf-8
aniddan.com,https,61005131,532070316,533761870,19685,Netlify,,text/html; charset=UTF-8
angg.twu.net,https,168144919,628422654,628568720,6184,Apache/2.4.38 (Debian) OpenSSL/1.1.1d,,text/html; charset=UTF-8
app.rodeo,https,57908002,462325589,462387737,11301,,,text/html; charset=UTF-8
andrewkdinh.com,https,69854033,658706018,851106396,100498,cloudflare-nginx,,text/html; charset=utf-8
archisman.com,https,37151710,159076815,159258578,4615,GitHub.com,cache-hel1410026-HEL,text/html; charset=utf-8
andrewhoang.me,https,440519121,1053659414,1053890447,3466,cloudflare,,text/html
arai.dev,https,65296692,608900201,609444414,16806,nginx/1.18.0 (Ubuntu),,text/html; charset=utf-8
ardunn.us,https,54005810,177813074,178016237,8893,GitHub.com,cache-hel1410030-HEL,text/html; charset=utf-8
antirez.com,https,56835577,230346081,752234199,183526,nginx/1.18.0 (Ubuntu),,text/html
arielroffe.quest,https,83887506,286845500,286975606,1762,Netlify,,text/html; charset=UTF-8
arruda.dev,https,29421801,129648433,129864867,8233,Vercel,,text/html; charset=utf-8
arne.me,https,179408262,291034533,291374991,5326,nginx,,text/html; charset=UTF-8
andrew.legal,https,250140146,719794586,1513991278,176215,Squarespace,,text/html;charset=utf-8
aryzach.github.io,https,20933087,150135406,150267051,2592,GitHub.com,cache-hel1410024-HEL,text/html; charset=utf-8
arthurdouillard.com,https,40426512,377019870,377433396,42706,cloudflare,,text/html; charset=utf-8
arjkb.gitlab.io,https,48890967,713074066,713193833,3652,,,text/html; charset=utf-8
asadmemon.com,https,80274524,344210811,344474152,8337,cloudflare,,text/html; charset=utf-8
aswinmohan.me,https,129368513,229134661,229286097,3125,Vercel,,text/plain; charset=utf-8
atomic14.com,https,78377796,97758684,97898529,27943,AmazonS3,,text/html
atifcolo.com,https,43772083,191701181,192152507,6119,cloudflare,,text/html; charset=utf-8
augmented-ui.com,https,37437340,161487286,162240322,89025,GitHub.com,cache-hel1410024-HEL,text/html; charset=utf-8
aster.kz,https,29533407,516532232,594237039,175558,nginx/1.14.0 (Ubuntu),,text/html;charset=UTF-8
austinhenley.com,https,146523745,266218152,266396656,3566,GitHub.com,cache-hel1410022-HEL,text/html; charset=utf-8
avaika.me,https,33637603,222498867,222780008,13176,nginx,,text/html; charset=utf-8
archive.org,https,16016098,1376782951,1376887708,3115,nginx/1.18.0 (Ubuntu),,text/html; charset=utf-8
arun.is,https,92616580,508040229,950853985,111679,cloudflare,,text/html; charset=utf-8
bachmeil.github.io,https,50507014,174006668,174113155,299,GitHub.com,cache-hel1410025-HEL,text/html; charset=utf-8
bailey.is,https,92924161,101593079,101923557,16151,,cache-hel1410026-HEL,text/html; charset=utf-8
avanwyk.com,https,64759749,385838813,386987575,27907,cloudflare,,text/html; charset=utf-8
azdavis.net,https,22660061,334122008,334251764,1354,Netlify,,text/html; charset=UTF-8
baris.io,https,59125813,166476174,166937089,27223,Vercel,,text/html; charset=utf-8
atulya.me,https,46993808,144764482,815017093,32786,Netlify,,text/html; charset=UTF-8
ayushsingh.dev,https,25949274,609484323,609604019,2601,nginx/1.14.2,,text/html
beepb00p.xyz,https,51452712,141008984,170641618,21267,Caddy,,text/html; charset=utf-8
benhoyt.com,https,27044038,146827684,147046567,8033,GitHub.com,cache-hel1410020-HEL,text/html; charset=utf-8
bearblog.dev,https,34036781,330767869,331126356,7574,cloudflare,,text/html; charset=utf-8
bensonkitia.com,https,20265559,202292926,202686114,5215,Netlify,,text/html; charset=UTF-8
benovermyer.com,https,69113167,162763285,321550210,3103,cloudflare,,text/html; charset=UTF-8
bernsteinbear.com,https,29841546,148269476,148498969,7362,GitHub.com,cache-hel1410026-HEL,text/html; charset=utf-8
bergie.iki.fi,https,89042128,216126735,216428455,17377,AmazonS3,,text/html
betterlicenses.com,https,26824415,120553070,121601276,16449,Google Frontend,,text/html; charset=UTF-8
antonai.blog,https,168573004,2741792907,2907987499,71400,nginx/1.19.10,,text/html; charset=UTF-8
bgrnwd.com,https,28067185,152681373,152810589,1449,GitHub.com,cache-hel1410034-HEL,text/html; charset=utf-8
bien.ee,https,43038547,145095280,145228956,2995,Vercel,,text/html; charset=utf-8
bf.wtf,https,159607798,262320180,395677583,7802,Vercel,,text/html; charset=utf-8
bellebcooper.com,https,176181087,1048554732,1048704117,2847,nginx/1.18.0 (Ubuntu),,text/html; charset=utf-8
blackpirate.tech,https,251325419,373352611,373554164,6396,GitHub.com,cache-hel1410020-HEL,text/html; charset=utf-8
benwinding.com,https,190262529,1053242469,1053523929,18994,nginx,,text/html
blog.ctis.me,https,92109157,225722502,225912996,5014,cloudflare,,text/html; charset=utf-8
blaise.bike,https,136335625,411149957,561956462,116835,GSE,,text/html; charset=UTF-8
blog.cyrusroshan.com,https,40757241,269714379,271207030,98471,cloudflare,cache-bma1634-BMA,text/html; charset=utf-8
blog.eldruin.com,https,63573257,182116994,182430034,27950,GitHub.com,cache-hel1410031-HEL,text/html; charset=utf-8
blastar.in,https,39778453,661910594,662117308,3628,cloudflare,,text/html
blog.beginner.dev,https,33016884,485009781,649184490,11487,cloudflare,,text/html
blog.erethon.com,https,57540075,213595048,252366165,20796,OpenBSD httpd,,text/html
binnyva.com,https,134147647,987102905,987242241,3693,Apache,,text/html
blog.cofree.coffee,https,134354751,806155023,806248879,1136,nginx/1.18.0 (Ubuntu),,text/html
blog.janissary.xyz,https,159996235,266163274,266313259,4969,Vercel,,text/html; charset=utf-8
blog.jeremyshaw.co.nz,https,61322390,97977796,98306365,27310,,cache-hel1410030-HEL,text/html; charset=utf-8
blog.jim-nielsen.com,https,24168522,90756762,91204217,31007,Netlify,,text/html; charset=UTF-8
blog.darkmere.gen.nz,https,139984936,686138094,815719529,139216,Apache/2.4.29 (Ubuntu),,text/html; charset=UTF-8
blog.kulman.sk,https,136688613,228650766,229058193,24295,Netlify,,text/html; charset=UTF-8
blog.jettchen.me,https,157268733,372093610,372256045,3250,cloudflare,,text/html; charset=UTF-8
blog.nytsoi.net,https,77595211,89956648,90358845,37945,nginx,,text/html; charset=utf-8
blog.melnib.one,https,128324977,202448771,202827998,7143,Apache,,text/html
blog.jdboyd.net,https,43843081,617808710,715485157,101691,Apache/2.4.41 (Ubuntu),,text/html; charset=UTF-8
blog.leftium.com,https,49276084,371390594,424384107,137644,cloudflare,,text/html; charset=UTF-8
blog.rikworks.co.uk,https,132628967,153003023,154641230,37756,AmazonS3,,text/html
blog.perjel.hu,https,114037564,223476416,223654089,4886,nginx/1.18.0,,text/html
blog.oxplot.com,https,110839916,257784036,258207873,23134,GitHub.com,cache-hel1410022-HEL,text/html; charset=utf-8
blog.samwhited.com,https,108361988,174466953,174653637,7237,Netlify,,text/html; charset=UTF-8
blakedietz.me,https,48925795,881381279,1777079364,47563,Netlify,,text/html; charset=UTF-8
blog.shish.cat,https,69322911,241526028,241676872,3959,cloudflare,,text/html;charset=UTF-8
blog.stevenchun.me,https,71663394,193580710,193771984,12540,GitHub.com,cache-hel1410022-HEL,text/html; charset=utf-8
blog.jatan.space,https,245503898,1105748025,1263199963,187169,cloudflare,Substack,text/html; charset=utf-8
blog.nyman.re,https,180092289,558816224,809293399,63777,Caddy,,text/html; charset=utf-8
bobbydreamer.com,https,52444641,59670475,60126711,48889,,cache-hel1410034-HEL,text/html; charset=utf-8
blog.yelinaung.com,https,29965673,241501607,241685471,7184,cloudflare,,text/html; charset=UTF-8
blog.fnaith.com,https,48325604,1699902799,1700927405,56915,nginx/1.20.0,,text/html; charset=UTF-8
blog.xa0.de,https,104167925,412368718,484569796,770565,nginx,,text/html; charset=utf-8
books.rixx.de,https,45717180,201077895,227394758,559818,nginx,,text/html; charset=utf-8
bool3max.win,https,84754198,203469898,203801357,7668,GitHub.com,cache-hel1410024-HEL,text/html; charset=utf-8
bradwoods.io,https,64594634,244349725,245219197,88786,cloudflare,,text/html; charset=utf-8
boris.kourtoukov.com,https,191912625,329406343,329805199,35150,GitHub.com,cache-hel1410030-HEL,text/html; charset=utf-8
brianlovin.com,https,19470775,121547648,122256875,49600,Vercel,,text/html; charset=utf-8
blog.thetrevor.tech,https,359112833,996172199,996256037,9424,lighttpd/1.4.64,,text/html
bryce.io,https,40670434,157955521,158064177,1795,GitHub.com,cache-hel1410031-HEL,text/html; charset=utf-8
bret.io,https,75397533,409651247,409949817,25813,neocities,,text/html
builtwithdjango.com,https,32683885,240280447,243626198,124004,cloudflare,,text/html; charset=utf-8
bluocms.com,https,168394321,976335696,976590378,20827,openresty,,text/html; charset=UTF-8
byte.ski,https,74498542,164631203,194566618,85597,Netlify,,text/html; charset=UTF-8
calebmakela.com,https,58330939,176073501,176269964,6700,GitHub.com,cache-hel1410029-HEL,text/html; charset=utf-8
bulma.io,https,29415971,348683434,460690763,147981,cloudflare,,text/html; charset=utf-8
blog.zespre.com,https,109766872,1342581237,1342658565,3292,,,text/html
brynet.ca,https,155981936,625077005,749461081,5895,OpenBSD httpd,,text/html
captnemo.in,https,51213701,171281097,171551928,27045,GitHub.com,cache-hel1410024-HEL,text/html; charset=utf-8
caley.dev,https,59640816,380096490,380234106,2446,Netlify,,text/html; charset=UTF-8
capsul.org,https,81582851,429652665,429766102,2037,nginx/1.18.0,,text/html; charset=utf-8
calebvandermaas.com,https,80588613,571252160,571484152,11687,nginx,,text/html
carmo.io,https,64032293,233143031,234073101,23263,cloudflare,cache-hhn4070-HHN,text/html; charset=utf-8
bytebucket.co,https,60590815,372573566,812687490,15064,cloudflare,,text/html
cesarzagonel.github.io,https,123333969,245908214,246195665,14868,GitHub.com,cache-hel1410034-HEL,text/html; charset=utf-8
carlhu.com,https,20595919,523667941,523917533,21441,nginx/1.10.3 (Ubuntu),,text/html
brent.soles.dev,https,26689170,1557480113,1558009435,24119,Netlify,,text/html; charset=UTF-8
cfx.lu,https,129001014,254335070,254498115,2430,GitHub.com,cache-hel1410028-HEL,text/html; charset=utf-8
chachu.studio,https,52168170,196469846,222259805,187992,,,text/html
chambers.io,https,86527940,205539651,205843741,15715,GitHub.com,cache-hel1410028-HEL,text/html; charset=utf-8
cauldron.life,https,128906229,677410540,677560565,5731,Netlify,,text/html; charset=UTF-8
cdevroe.com,https,187865666,677721579,678116816,35219,Apache/2.4.18 (Ubuntu),,text/html; charset=UTF-8
charlieharrington.com,https,40963625,180779268,183833508,14022,cloudflare,,text/html; charset=utf-8
chair6.net,https,25605816,552622347,552688905,5039,Apache,,text/html
cactus.chat,https,88623561,1517996390,1519135933,8828,Netlify,,text/html; charset=UTF-8
changelog.com,https,53537485,524531352,559205022,96615,Fly/523fc696 (2022-04-06),cache-hel1410034-HEL,text/html; charset=utf-8
cheeaun.com,https,41360522,221634426,221746603,3085,cloudflare,cache-hhn4082-HHN,text/html; charset=utf-8
chanux.me,https,64468958,634171198,634399391,1104,cloudflare,,text/html
chidiwilliams.com,https,39048277,156286136,156507539,10472,cloudflare,,text/html; charset=utf-8
charlesabarnes.com,https,180871063,652821641,652936017,1306,nginx/1.19.10,,text/html
chrome.google.com,https,16295249,58187423,136160722,264877,sffe,,text/html
christine.website,https,64731110,191623214,191848666,7379,cloudflare,,text/html; charset=utf-8
chrissardegna.com,https,55854350,247570341,247726066,1517,cloudflare,cache-hhn4027-HHN,text/html; charset=utf-8
cjlm.ca,https,69360859,226404630,242731008,288387,cloudflare,,text/html; charset=utf-8
clippost.io,https,63249348,76167878,77002550,46228,nginx,,text/html; charset=utf-8
cloudef.pw,https,71334766,125220049,125404114,5848,nginx/1.19.7,,text/html; charset=utf-8
cmdcolin.github.io,https,21067034,142346410,143603099,113417,GitHub.com,cache-hel1410031-HEL,text/html; charset=utf-8
cheapskatesguide.org,https,55854340,871800045,872174592,23277,nginx,,text/html; charset=UTF-8
chimbosonic.com,https,37660742,659476805,659786584,11135,Netlify,,text/html; charset=UTF-8
coornail.net,https,68475818,116126975,116525742,22614,AmazonS3,,text/html
conorbarnes.com,https,19992338,302373894,302620156,17597,Vercel,,text/html; charset=utf-8
coderrocketfuel.com,https,129549597,425380745,425620948,16822,nginx/1.18.0 (Ubuntu),,text/html; charset=utf-8
cookie.engineer,https,98458871,419150188,420040229,77437,GitHub.com,cache-hel1410022-HEL,text/html; charset=utf-8
concrete.style,https,48472100,520820334,521066926,17507,cloudflare,cache-hhn4053-HHN,text/html; charset=utf-8
crabl.net,https,53523725,231408676,231523914,1894,Netlify,,text/html; charset=UTF-8
cretu.dev,https,21611235,131413796,131616929,21438,Vercel,,text/html; charset=utf-8
coomiverse.xyz,https,61285782,563437584,563546351,1261,LiteSpeed,,text/html
cramer.tech,https,248276467,369426999,369588044,3532,GitHub.com,cache-hel1410034-HEL,text/html; charset=utf-8
cushychicken.github.io,https,49442999,167702364,168172599,10034,GitHub.com,cache-hel1410022-HEL,text/html; charset=utf-8
csi.lk,https,152415192,269708299,269840405,3410,GitHub.com,cache-hel1410034-HEL,text/html; charset=utf-8
cprimozic.net,https,16135254,704949713,705494335,31958,nginx/1.18.0,,text/html
danieljanus.pl,https,59898177,175091563,175175230,1550,nginx/1.18.0 (Ubuntu),,text/html
cliff.fish,https,239705377,768238820,1481534799,3664,Apache,,text/html
danrh.net,https,31391047,74081145,74236180,5062,cloudflare,,text/html; charset=utf-8
danielbeadle.net,https,36378685,331109428,331301492,6117,Apache/2.4.29 (Ubuntu),,text/html
cybersecurity.beehiiv.com,https,41713401,530228888,617745436,12657,cloudflare,,text/html; charset=utf-8
danrl.com,https,73740667,190638107,190885778,7927,cloudflare,,text/html; charset=utf-8
damienradtke.com,https,174214492,500489637,602871930,12780,,,text/html; charset=utf-8
dannyguo.com,https,31435966,122609223,449362332,4939,Netlify,,text/html; charset=UTF-8
daqhris.com,https,251345618,376732920,376933644,9894,GitHub.com,cache-hel1410034-HEL,text/html; charset=utf-8
davidkunnen.com,https,29772810,147506523,147688046,8488,nginx/1.14.0 (Ubuntu),,text/html; charset=utf-8
danielsalami.com,https,32567389,704842286,704951143,763,nginx/1.14.0 (Ubuntu),,text/html
davebeer.com,https,20924008,336317187,366366538,36506,Netlify,,text/html; charset=UTF-8
danverbraganza.com,https,29276476,591838890,593854144,5505,,,text/html; charset=utf-8
davidedicillo.com,https,44372614,396974240,397136446,2731,cloudflare,,text/html; charset=utf-8
davidyat.es,https,47625948,223302111,223520884,13693,cloudflare,,text/html
dddiaz.com,https,78363806,94955515,95719510,30261,AmazonS3,,text/html
davinder.net,https,29582045,439004580,439175844,5426,cloudflare,,text/html; charset=utf-8
dedouss.is,https,50242452,155613918,155859540,6261,AmazonS3,,text/html
deepermm.com,https,47334547,166557881,201975347,197243,DPS/1.13.2,,text/html;charset=utf-8
dashupdate.com,http,164829277,454374730,581518565,86230,openresty/1.19.9.1,,text/html
defanor.uberspace.net,https,160389933,235072818,235148406,3961,nginx/1.18.0,,application/xhtml+xml
deadcomputersociety.com,https,36674544,615678681,616432636,4608,,,text/html; charset=utf-8
deanebarker.net,https,26261204,592334713,592600624,10064,Microsoft-IIS/10.0,,text/html
denvaar.github.io,https,52497389,173924421,174082955,2006,GitHub.com,cache-hel1410024-HEL,text/html; charset=utf-8
denner.co,https,64367892,331874702,332045636,4384,cloudflare,,text/html; charset=utf-8
depaula.cz,https,74053756,193353028,193653598,12148,GitHub.com,cache-hel1410034-HEL,text/html; charset=utf-8
defhoboz.biz,https,49247384,641910836,646561445,16831,cloudflare,,text/html
derw-lang.github.io,https,52303205,171073213,171233828,4477,GitHub.com,cache-hel1410026-HEL,text/html; charset=utf-8
denzyl.io,https,29044013,527195836,527271763,4314,nginx/1.21.6,,text/html
derkoe.dev,https,29035634,350602712,350855414,7285,Netlify,,text/html; charset=UTF-8
dcaulfield.com,https,121622695,1328103830,1328261314,12108,nginx/1.18.0 (Ubuntu),,text/html; charset=UTF-8
deut-erium.github.io,https,51176963,186506971,194622136,163500,GitHub.com,cache-hel1410029-HEL,text/html; charset=utf-8
dev.rixx.de,https,68869015,191827627,192036840,7377,nginx,,text/html; charset=utf-8
deckview.tv,https,70926558,1361044807,1361124614,796,AmazonS3,,text/html
desk.glitchy.website,https,160231168,358962100,359116365,4235,Netlify,,text/html; charset=UTF-8
distill.pub,https,55986255,62228282,62821793,62026,,cache-hel1410031-HEL,text/html; charset=utf-8
diogoferreira.pt,https,98330105,477888034,478731096,25212,cloudflare,,text/html; charset=utf-8
dnlytras.com,https,31880821,138206056,198083684,231612,Netlify,,text/html; charset=UTF-8
devnull.land,https,40174341,929121836,929268861,5433,nginx/1.18.0 (Ubuntu),,text/html; charset=utf-8
dmitri.shuralyov.com,https,61058989,512165387,651930251,192698,,,text/html; charset=utf-8
digitalbunker.dev,https,33073542,887470655,887940509,21480,cloudflare,,text/html; charset=utf-8
dheinemann.com,https,221972385,990682430,991110136,7294,Apache,,text/html; charset=utf-8
docodethatmatters.com,https,38821165,160365083,160604925,12551,GitHub.com,cache-hel1410022-HEL,text/html; charset=utf-8
diving.anardil.net,https,29894225,881591635,881812717,409,cloudflare,,text/html
doc.callmematthi.eu,https,98341394,251444984,339505203,386873,,,text/html
domenicoluciani.com,https,74277169,251060147,251446954,20088,cloudflare,cache-hhn4051-HHN,text/html; charset=utf-8
donatstudios.com,https,30188536,236450503,236814081,20258,cloudflare,,text/html; charset=UTF-8
doyouhaveabackup.com,https,215630001,219261093,219365850,502,nginx,,text/html
denniskovshov.com,https,53124399,1900720617,2188829896,3067,Netlify,,text/html; charset=UTF-8
domwillia.ms,https,313077986,425334267,425588259,9568,Caddy,,text/html; charset=utf-8
drdru.github.io,https,23120087,142226274,142345450,1429,GitHub.com,cache-hel1410034-HEL,text/html; charset=utf-8
docs.github.com,https,19466046,504130128,607532298,132215,,cache-hel1410023-HEL,text/html; charset=utf-8
drhenry.org,https,26308423,143362448,222218537,311529,LiteSpeed,,text/html; charset=UTF-8
drmagnuslynch.com,https,187681452,317410894,317968806,41672,Apache/2.4.29 (Ubuntu),,text/html; charset=utf-8
dudezord.github.io,https,19929550,143262940,143726156,31097,GitHub.com,cache-hel1410034-HEL,text/html; charset=utf-8
dugas.ch,https,68512367,191377652,191566186,6571,GitHub.com,cache-hel1410025-HEL,text/html; charset=utf-8
dominik.net,https,66837631,898955339,899153042,4560,cloudflare,,text/html
dustinbrett.com,https,31727796,141059963,141241347,4902,cloudflare,,text/html
dustin.lammiman.ca,https,64475199,240300097,240432243,2446,cloudflare,cache-fra19138-FRA,text/html; charset=utf-8
dusted.dk,https,289247593,377539845,377613962,8292,nginx,,text/html
dr2.mintsoft.dev,https,52122321,966284575,974655701,1966,,,text/html; charset=utf-8
duncanlock.net,https,31516352,482034068,663237252,35212,cloudflare,,text/html
eamonnmr.com,https,39631098,288590043,288773607,9791,cloudflare,,text/html
dwhenson.com,https,61642001,366323110,387405393,47640,Netlify,,text/html; charset=UTF-8
dsebastien.net,https,45767669,996012676,997185138,42335,cloudflare,,text/html; charset=utf-8
edpe.nz,https,72174928,192823296,192948252,2885,GitHub.com,cache-hel1410024-HEL,text/html; charset=utf-8
ectobit.com,https,189769474,276172949,276576595,3103,,,text/html; charset=utf-8
echevarria.io,https,41058781,437287347,593854945,7384,cloudflare,cache-bma1653-BMA,text/html; charset=utf-8
egorfine.com,https,63794760,225294167,225419053,1065,cloudflare,,text/html; charset=utf-8
ellie.wtf,https,28594988,206778640,207830856,29932,cloudflare,,text/html; charset=utf-8
ecweb.xyz,https,252766261,791712565,791884069,5119,LiteSpeed,,text/html
dronesitter.com,https,1135967203,1818523597,1818835317,20452,nginx/1.13.1,,text/html; charset=UTF-8
embersofsolace.com,https,29953044,155332428,155755964,16448,cloudflare,,text/html; charset=utf-8
elliot.la,https,59405103,547982748,548209591,9478,nginx/1.18.0 (Ubuntu),,text/html; charset=utf-8
eduar.do,https,290178382,957242090,957616878,74115,Apache/2.4.25 (Debian),,text/html
emre.me,https,61439357,190115543,190360895,14588,GitHub.com,cache-hel1410022-HEL,text/html; charset=utf-8
egypt.urnash.com,https,90503290,874473797,878015502,10127,LiteSpeed,,text/html; charset=UTF-8
dvt.name,https,210805988,1651294928,1651575388,15775,Apache,,text/html; charset=UTF-8
endbasic.dev,https,92188275,214883036,370230022,6393,GitHub.com,cache-hel1410025-HEL,text/html; charset=utf-8
eludevisibility.org,https,214904156,580361534,689187867,69865,Apache,,text/html; charset=UTF-8
erikpl.com,https,263160033,393760775,393859872,10686,nginx/1.20.2,,text/html
erock.io,https,67878547,378247450,378329048,9852,nginx,,text/html; charset=utf-8
elliotec.com,https,135404367,1091208623,1091528593,18631,nginx/1.14.0 (Ubuntu),,text/html
ertdfgcvb.xyz,https,58007620,251573300,251736775,6529,Apache,,text/html
ethanmick.com,https,61205305,184442567,184645611,5752,Vercel,,text/html; charset=utf-8
erybs.space,https,62159594,351384117,351567781,3779,cloudflare,cache-bma1623-BMA,text/html; charset=utf-8
ersei.saggis.com,https,42359600,696481129,697209265,12843,Apache,,text/html;charset=UTF-8
erwinvrolijk.nl,https,127718527,649229839,649794290,4753,,,text/html; charset=utf-8
evilcookie.de,https,89174743,194470481,194609727,3328,Caddy,,text/html; charset=utf-8
ethan.id,https,62100376,556281978,556426734,3087,nginx/1.18.0 (Ubuntu),,text/html
explog.in,https,57908543,186832811,187054403,16773,GitHub.com,cache-hel1410022-HEL,text/html; charset=utf-8
eternityforest.com,https,89056187,740557762,898603181,42386,Apache/2.4.46 (Ubuntu),,text/html; charset=utf-8
entangledlogs.com,https,37693641,1537320952,1537505515,4201,Netlify,,text/html; charset=UTF-8
f52.charlieharrington.com,https,64730480,187884565,188063690,4649,cloudflare,,text/html; charset=utf-8
expose.sh,https,56023724,257113570,257501477,29155,Netlify,,text/html; charset=UTF-8
experiencednovice.dev,https,32925277,534868936,534945374,86,nginx/1.14.1,,text/html; charset=utf-8
fatih-erikli.com,https,57015272,174604669,174878589,10473,GitHub.com,cache-hel1410024-HEL,text/html; charset=utf-8
every.sdf.org,https,180910892,864226250,864454693,22882,nginx/1.14.2,,text/html
fernweh.rixx.de,https,39730163,155691655,155921008,13872,nginx,,text/html; charset=utf-8
fenivarughese.com,https,64935503,401016848,401329259,20389,cloudflare,cache-bma1647-BMA,text/html; charset=utf-8
fh.cx,https,39281609,154808363,338783287,16285,Apache/2.4.38 (Debian),,text/html; charset=UTF-8
fblx.me,https,310743061,707311345,707557227,13389,nginx/1.10.3 (Ubuntu),,text/html; charset=UTF-8
felix.link,https,221751972,709862882,709970339,1385,nginx/1.18.0 (Ubuntu),,text/html
flathabits.com,https,120274939,241696572,241917385,8156,GitHub.com,cache-hel1410034-HEL,text/html; charset=utf-8
ff.leftium.com,https,68866215,739460608,739594284,2507,Vercel,,text/html
food.rutar.org,https,49772427,205361686,205483222,1236,cloudflare,,text/html; charset=utf-8
flamedfury.com,https,64101181,379902588,380146090,11694,cloudflare,,text/html; charset=UTF-8
fallingleavescabin.com,http,16599219,116040648,889279285,602179,ESF,,text/html; charset=utf-8
forestry.io,https,61062920,116298030,117888438,62426,AmazonS3,,text/html
fredwu.me,https,47291909,235819694,236436524,60664,cloudflare,,text/html; charset=utf-8
ftvkyo.me,https,66772554,189218083,368060244,2201,GitHub.com,cache-hel1410026-HEL,text/html; charset=utf-8
finn.lesueur.nz,https,40868807,973504230,973862008,37344,lighttpd/1.4.59,,text/html
foon.uk,https,157739698,591047645,591097234,3826,nginx/1.20.1,,text/html
gabriellacroix.com,https,23626840,143566470,311788577,4676,GitHub.com,cache-hel1410028-HEL,text/html; charset=utf-8
fuzzcrush.xyz,https,155575130,551411387,551731747,35011,Apache/2.4.29 (Ubuntu),,text/html; charset=UTF-8
gabrielsimmer.com,https,65118827,423017233,423332232,5308,cloudflare,,text/html; charset=utf-8
garrettcox.dev,https,22790468,123968691,124318320,56677,Vercel,,text/html; charset=utf-8
galaiko.rocks,https,70067616,546708881,547106218,13104,cloudflare,,text/html; charset=utf-8
fudge.org,https,41042622,954495700,960456096,65268,cloudflare,cache-bma1634-BMA,text/html; charset=utf-8
gally.net,https,170545561,597556554,597638912,975,Apache,,text/html
geekring.net,https,71110002,155414205,155499821,8382,nginx,,text/html
gallant.dev,https,33264736,647776077,761289928,29885,cloudflare,,text/html; charset=utf-8
gavinhoward.com,https,124890059,456720434,456964326,20845,nginx,,text/html; charset=utf-8
gavinr.com,https,48139280,476247087,476421542,7371,cloudflare,,text/html
geoquest.wout.space,https,66715905,339710318,339900292,5790,cloudflare,,text/html
georgi-nikolov.com,https,53771208,155064186,360694443,8472,Vercel,,text/html; charset=utf-8
geekportfolio.com,https,229368754,633660317,633798132,2778,Apache,,text/html
gibbr.org,https,126911874,430386662,430513328,1722,nginx,,text/html
gilli.is,https,69135186,432822892,433181861,18625,Apache,,text/html; charset=UTF-8
getpelican.com,https,238074860,346109739,658643392,6557,nginx,,text/html; charset=utf-8
gioorgi.com,https,158193974,401700947,402462722,67433,nginx/1.14.0 (Ubuntu),,text/html; charset=UTF-8
gib.by,https,138832575,652138594,652717026,203927,nginx,,text/html; charset=UTF-8
git.qrz.is,https,36012567,209938428,210184370,53424,nginx,,text/html; charset=UTF-8
git.uberspace.net,https,53896654,145252636,145394841,4429,nginx/1.18.0,,text/html; charset=UTF-8
github.com,https,52032434,131489865,176625124,208257,GitHub.com,,text/html; charset=utf-8
glenngillen.com,https,50317240,268732221,274938949,134767,AmazonS3,,text/html
git-trevcan.duckdns.org,https,133623294,771992127,772096004,7162,lighttpd/1.4.64,,text/html; charset=UTF-8
gitlab.com,https,29621125,179029715,407698082,244652,UploadServer,cache-hel1410026-HEL,text/html
glitchy.website,https,156056483,259903209,260155530,15871,Vercel,,text/html; charset=utf-8
git.trevcan.duckdns.org,https,132987985,777611314,777668473,7162,lighttpd/1.4.64,,text/html; charset=UTF-8
goo.gl,https,17378834,172278765,301315138,61415,GSE,,text/html; charset=UTF-8
goto.anardil.net,https,43626339,351553572,355692707,6283,cloudflare,,text/html
grantklich.com,https,18777438,230998971,231113347,1329,GitHub.com,cache-hel1410026-HEL,text/html; charset=utf-8
gowri.ch,https,39134665,279073164,440826281,15011,Vercel,,text/html; charset=utf-8
goodvibes.me,https,78499052,674864383,675419345,61275,nginx,,text/html; charset=UTF-8
haidrali.com,https,63681184,237733631,238037971,41030,nginx/1.10.3 (Ubuntu),,text/html; charset=utf-8
eti.tf,https,115477156,5054015630,5054171165,4111,Vercel,,text/html; charset=utf-8
hardi.design,https,31574490,134029601,134244484,9439,Vercel,,text/html; charset=utf-8
handbook.id,https,37865516,383442193,383655186,7594,Netlify,,text/html; charset=UTF-8
hartenfeller.dev,https,28328027,129174230,154496324,69445,,,text/html; charset=utf-8
hamzahassan.ca,https,83648164,322224528,464783771,14468,Vercel,,text/html; charset=utf-8
gregorygundersen.com,https,127159085,634828988,634930845,957,Apache,,text/html
heinandre.no,https,76025512,280082012,280198458,5693,GitHub.com,cache-hel1410024-HEL,text/html; charset=utf-8
hemk.es,https,57919932,189612710,189749225,2957,nginx,,text/html; charset=utf-8
henvic.dev,https,22850695,141488438,141821537,31413,GitHub.com,cache-hel1410029-HEL,text/html; charset=utf-8
henfs.dev,https,24008648,233807610,263599109,49654,Netlify,,text/html; charset=UTF-8
haskell.computer,https,76185987,323121579,463271311,29209,Vercel,,text/html; charset=utf-8
herrero.io,https,54355698,60370522,60910445,41482,,cache-hel1410033-HEL,text/html; charset=utf-8
henrystanley.com,https,40303707,162130666,320128185,6697,GitHub.com,cache-hel1410033-HEL,text/html; charset=utf-8
henlin.net,https,50434766,360101643,360466121,25864,nginx/1.18.0 (Ubuntu),,text/html
hozy.dev,https,21741281,124301589,124529562,9948,Vercel,,text/html; charset=utf-8
hermeticus.net,https,257325902,588459720,588590386,3365,Apache,,text/html
hg.sr.ht,https,173276472,549330695,549502390,5754,nginx,,text/html; charset=utf-8
go123.live,https,75038194,2042699891,2043181545,44707,nginx,,text/html; charset=UTF-8
honeypot.net,https,70524671,556616028,558185707,22805,nginx/1.18.0 (Ubuntu),,text/html
hn.algolia.com,https,35505203,712018704,712366122,4063,cloudflare,,text/html; charset=utf-8
huggingface.co,https,49299973,462378029,559767095,73073,nginx,,text/html; charset=utf-8
ibz.me,https,123173915,197606269,197681496,5780,nginx/1.19.6,,text/html
iagovar.com,https,85816503,457781329,457985432,7811,LiteSpeed,,text/html; charset=UTF-8
housekitty.app,https,34743217,1095548542,1095673768,3168,cloudflare,,text/html; charset=utf-8
iam.mt,https,28763462,602336838,636112707,360161,nginx,,text/html; charset=UTF-8
hypothes.is,https,82873189,216388198,952950671,1113923,nginx,"cache-mdw17324-MDW, cache-hel1410028-HEL",text/html; charset=UTF-8
imblien.com,https,69585662,357505247,357659012,3225,cloudflare,cache-bma1678-BMA,text/html; charset=utf-8
ig.emnace.org,https,124180713,946764422,946896187,2708,nginx/1.18.0 (Ubuntu),,text/html
hw.leftium.com,https,66977516,1536429863,1536607418,5476,Netlify,,text/html; charset=UTF-8
illegalcode.com,https,84472878,828030063,828409350,28122,Apache,,text/html
imnotpete.com,https,159444073,594354788,594526632,3989,Apache,,text/html
inherently.xyz,https,64045593,146884603,147158024,11226,nginx/1.21.4,,text/html
ivanish.ca,https,69077438,312091027,316455935,22641,cloudflare,,text/html; charset=UTF-8
intellectronica.net,https,103753137,351880529,381166946,53985,,,text/html
iyer.ai,https,49274075,167239500,168537837,31787,cloudflare,,text/html; charset=utf-8
igorstumberger.com,https,53136688,1541361503,1563918467,93043,Netlify,,text/html; charset=UTF-8
indieweb.org,https,187200088,1098753608,1099025339,30810,nginx/1.14.0,,text/html; charset=UTF-8
integrated.ee,https,113709803,491503449,756043467,15807,Netlify,,text/html; charset=UTF-8
j3s.sh,https,63160091,423394049,423481416,3953,,,text/html; charset=utf-8
jacobdoescode.com,https,27309710,194950787,195158669,5640,GitHub.com,cache-hel1410029-HEL,text/html; charset=utf-8
jacobusharding.com,https,19398478,25614205,25733941,1728,,cache-hel1410030-HEL,text/html; charset=utf-8
ja.cob.land,https,121128762,417248610,417371086,2409,,,text/html; charset=utf-8
ineptech.com,https,172918015,976002879,1225932273,66255,Apache,,text/html
jake.tl,https,82779141,190030446,190887298,53359,Vercel,,text/html; charset=utf-8
jake.nyc,https,42240464,268556917,268958454,11885,cloudflare,,text/html
jake.museum,https,59503140,352648446,352991455,10639,Caddy,,text/html; charset=utf-8
jan.bio,https,165507085,234095690,234160588,2991,nginx,,text/html
jamalavedra.me,https,90243049,338149028,478830553,51455,Vercel,,text/html; charset=utf-8
janis.io,https,130512937,228270130,252615337,265995,nginx/1.18.0 (Ubuntu),,text/html; charset=utf-8
jasmaabox.github.io,https,21511988,147173323,147403805,7653,GitHub.com,cache-hel1410033-HEL,text/html; charset=utf-8
james.brooks.page,https,33517588,465005534,465183178,4403,cloudflare,,text/html; charset=UTF-8
jason.today,https,28177102,148817159,148956365,2908,GitHub.com,cache-hel1410025-HEL,text/html; charset=utf-8
jasoneckert.github.io,https,20437794,139130705,139311990,7094,GitHub.com,cache-hel1410031-HEL,text/html; charset=utf-8
jasonmaa.com,https,49016123,181342800,181470345,4880,GitHub.com,cache-hel1410033-HEL,text/html; charset=utf-8
jcpst.com,https,48525548,169328421,169432668,912,GitHub.com,cache-hel1410028-HEL,text/html; charset=utf-8
jason.nabein.me,https,480836018,484742390,484931225,17686,nginx,,text/html
jeremy.richards.dev,https,141092481,281076520,281210135,2754,GitHub.com,cache-hel1410031-HEL,text/html; charset=utf-8
jeffdoolittle.com,https,147954978,463610491,464433594,32474,Netlify,,text/html; charset=UTF-8
jenne.uk,https,162399447,467929170,468018507,1560,Caddy,,text/html; charset=utf-8
jeremyshaw.co.nz,https,97444814,105894818,106128961,5088,,cache-hel1410034-HEL,text/html; charset=utf-8
jeaye.com,https,187784950,802365909,802727528,25953,GitHub.com,cache-pao17463-PAO,text/html; charset=utf-8
jettchen.me,https,39379026,331123468,331345071,8895,cloudflare,,text/html; charset=UTF-8
jeromepaulos.com,https,65602732,457515289,457745441,15354,cloudflare,,text/html; charset=UTF-8
jezenthomas.com,https,43447774,291982964,292151160,4347,cloudflare,,text/html; charset=UTF-8
jfelisaz.eu,https,37840047,167346956,167463002,1348,GitHub.com,cache-hel1410033-HEL,text/html; charset=utf-8
jloh.co,https,114840877,180651762,180863255,12030,Netlify,,text/html; charset=UTF-8
jacksonwel.sh,https,115305962,2678977156,2679119121,2546,Netlify,,text/html
jfloren.net,https,77437426,569231517,569312165,4765,,,text/html; charset=utf-8
jfornear.com,https,70484052,533239450,533433683,9333,cloudflare,,text/html; charset=utf-8
jmmv.dev,https,21695873,140772901,141101781,26576,GitHub.com,cache-hel1410020-HEL,text/html; charset=utf-8
johan-nordberg.com,https,51925698,205620859,206035025,7002,cloudflare,,text/html
jesperreiche.com,https,72558605,1313674424,1336869468,94923,Apache,,text/html; charset=UTF-8
johnzanussi.com,https,52974134,154654359,155144504,39534,Vercel,,text/html; charset=utf-8
javan.us,https,41361572,2158461340,2158783090,19321,cloudflare,,text/html; charset=UTF-8
jonathanalland.com,https,36659195,159304777,159465522,5186,GitHub.com,cache-hel1410028-HEL,text/html; charset=utf-8
jonathanbayless.com,https,53432349,172633273,172804007,7617,GitHub.com,cache-hel1410034-HEL,text/html; charset=utf-8
jm.guide42.com,https,161870974,374116146,928450448,1091,nginx,,text/html; charset=utf-8
jonpauluritis.com,https,72010152,205242891,205562740,20539,cloudflare,,text/html; charset=utf-8
jrhawley.ca,https,21249777,140622806,140737493,8822,GitHub.com,cache-hel1410030-HEL,text/html; charset=utf-8
jpdias.me,https,63902447,236527441,236906349,9129,cloudflare,cache-fra19125-FRA,text/html; charset=utf-8
joshghent.com,https,94290117,299495829,299882237,19568,Netlify,,text/html; charset=UTF-8
jsdevtom.com,https,132544180,259518621,260175359,64493,nginx/1.10.3 (Ubuntu),,text/html; charset=utf-8
jstrieb.github.io,https,48591447,250922192,251051948,2007,GitHub.com,cache-hel1410025-HEL,text/html; charset=utf-8
jonas.eth.xyz,https,59643666,936175987,936252615,19629,,,text/html; charset=utf-8
juliankrieger.dev,https,22398700,208458056,208637801,4743,Netlify,,text/html; charset=UTF-8
juanuys.com,https,68587586,257987633,258155077,4190,cloudflare,cache-fra19162-FRA,text/html; charset=utf-8
jv-la.com,https,56405042,238490028,238929094,32519,Netlify,,text/html; charset=UTF-8
jonathankorensucks.com,https,219409789,1081310899,1081411694,514,Apache,,text/html
kaapporaivio.fi,https,29669773,204810055,243430256,2208,,,text/html; charset=utf-8
jwillmer.de,https,46568503,474946711,475174133,30162,cloudflare,,text/html; charset=utf-8
kaikunze.de,https,84860234,314715003,315011003,22547,GitHub.com,cache-hel1410026-HEL,text/html; charset=utf-8
karan.sh,https,134400849,316420756,316856212,21711,cloudflare,cache-hhn4080-HHN,text/html; charset=utf-8
karecha.com,https,64025864,182580899,182715204,4378,GitHub.com,cache-hel1410034-HEL,text/html; charset=utf-8
karthikeshwar1.github.io,https,22771588,146915501,147021868,980,GitHub.com,cache-hel1410033-HEL,text/html; charset=utf-8
jwjacobs.com,https,213140794,993478890,993659334,7150,Apache,,text/html; charset=UTF-8
kaszkowiak.org,https,40021515,182151932,182432823,17238,cloudflare,,text/html
json4u.com,https,1501988067,1595609896,1595765531,5128,Netlify,,text/html; charset=UTF-8
karmanyaah.malhotra.cc,https,69781935,663748266,663855822,4354,Caddy,,text/html; charset=utf-8
kay.is,https,44085303,188391360,190364465,87118,GitHub.com,cache-hel1410029-HEL,text/html; charset=utf-8
keke.dev,https,170969518,289455685,289655799,7331,GitHub.com,cache-hel1410029-HEL,text/html; charset=utf-8
keloran.dev,https,24585628,229608035,329903886,49519,,,text/html; charset=utf-8
kernel.sh,https,30195166,209585288,209888788,6104,Netlify,,text/html; charset=UTF-8
kennethfriedman.org,https,39413886,404354681,404576703,10647,AmazonS3,,text/html
ketuma.com,https,70072216,218913294,219454897,51256,cloudflare,,text/html; charset=utf-8
kevincox.ca,https,87290814,154444027,154580612,2496,Netlify,,text/html; charset=UTF-8
kevintoday.com,https,74059006,199647823,199953643,15444,GitHub.com,cache-hel1410020-HEL,text/html; charset=utf-8
kevinhughes.ca,https,50554372,170647667,334816208,5293,GitHub.com,cache-hel1410023-HEL,text/html; charset=utf-8
kevmo314.com,https,74153014,196123069,196263524,3569,GitHub.com,cache-hel1410024-HEL,text/html; charset=utf-8
kevinandsam.travel,https,33280705,549642905,680286347,61676,Netlify,,text/html; charset=UTF-8
kinduff.com,https,30163067,162035239,162416737,8395,cloudflare,,text/html; charset=utf-8
kerricklong.com,https,40463291,1065855571,1065967767,1576,cloudflare,,text/html
klntsky.dev,https,34896042,147958887,148081873,2241,Apache/2.4.25 (Debian),,text/html
kg.dev,https,65922192,489022552,489149198,2777,cloudflare,,text/html; charset=utf-8
kortlepel.com,https,84822676,169148718,169275943,2783,nginx/1.18.0 (Ubuntu),,text/html
kiwiziti.com,https,43551840,421186183,549168911,65292,nginx,,text/html
krishna2.com,https,28401524,179227338,179396563,4758,GitHub.com,cache-hel1410034-HEL,text/html; charset=utf-8
krazerlasers.com,https,146315021,477248146,477356472,1125,nginx,,text/html
krzysztofjankowski.com,https,63155382,184852985,185174505,17269,openresty,krzysztofjankowski.com,text/html
krlx.fr,https,118456299,237032504,464778452,5315,GitHub.com,cache-hel1410023-HEL,text/html; charset=utf-8
kryptokommun.ist,https,124026528,485779027,486179384,21365,cloudflare,,text/html; charset=utf-8
kradeelav.com,https,198156811,838350365,838485832,3079,nginx/1.19.10,,text/html
labs.shawnlukas.com,https,52349204,160121591,189870711,155988,Vercel,,text/html; charset=utf-8
kusha.me,https,65739747,401003909,401248871,11410,cloudflare,,text/html; charset=utf-8
l3m.in,https,93702987,459786285,469055663,5653,Apache,,text/html; charset=UTF-8
lalo.li,https,95896476,407383623,407531178,3434,GitHub.com,,text/html; charset=utf-8
lachlan-miller.me,https,182746934,521244861,521339118,6396,nginx,,text/html; charset=utf-8
kyledm.ca,https,37395751,507606935,1014643700,16607,Netlify,,text/html; charset=UTF-8
lance.dev,https,20220451,555527994,559142787,61972,nginx/1.18.0,,text/html
langsoul.com,https,42649181,347796555,350143089,58422,cloudflare,,text/html; charset=UTF-8
lancebachmeier.com,https,134335872,433983917,434265778,9969,Apache/2.4.29 (Ubuntu),,text/html
lauriegriffiths.github.io,https,23031069,146385979,148088434,4966,GitHub.com,cache-hel1410030-HEL,text/html; charset=utf-8
bettermotherfuckingwebsite.com,http,60299945,306151962,306311026,3775,AmazonS3,,text/html
lazydevstories.com,https,63226849,168812547,169067529,13001,Vercel,,text/html; charset=utf-8
lbrito1.github.io,https,23009550,143692596,143861711,3541,GitHub.com,cache-hel1410029-HEL,text/html; charset=utf-8
lausek.eu,https,134585564,256645876,256797661,3053,GitHub.com,cache-hel1410033-HEL,text/html; charset=utf-8
langworth.com,https,70190173,469361733,469462199,2370,nginx,,text/html
learnbyexample.github.io,https,49255524,164051283,164234977,11570,GitHub.com,cache-hel1410033-HEL,text/html; charset=utf-8
leclan.ch,https,67638215,190108354,190313367,5613,GitHub.com,cache-hel1410034-HEL,text/html; charset=utf-8
leereilly.net,https,224303779,346951892,347184064,13897,GitHub.com,cache-hel1410029-HEL,text/html; charset=utf-8
leoncvlt.com,https,31942599,208975079,209272849,12778,Netlify,,text/html; charset=UTF-8
legitimatesounding.com,https,73298811,602461564,603035545,6546,,,text/html; charset=utf-8
lekevicius.com,https,77014850,551540243,708841567,52238,Netlify,,text/html; charset=UTF-8
linkdd.github.io,https,49598714,171132122,171431003,18205,GitHub.com,cache-hel1410022-HEL,text/html; charset=utf-8
linuxgamecast.com,https,30277613,145931695,168320705,53798,cloudflare,,text/html; charset=UTF-8
library.sciencemadness.org,https,121941456,788368875,788476061,1145,Apache/2.4.18 (Ubuntu),,text/html; charset=utf-8
littlegreenviper.com,https,143453614,634465532,678355351,76841,Apache,,text/html; charset=UTF-8
leloew.com,https,57116678,1632255831,1632357398,16970,,,text/html; charset=utf-8
liza.io,https,63224549,620791787,786154028,102547,AmazonS3,,text/html
len.falken.directory,https,1198816378,1616621420,1616784555,5105,nginx/1.14.2,,text/html; charset=UTF-8
lloydatkinson.net,https,33205147,214371933,746964646,21094,Netlify,,text/html; charset=UTF-8
lohr.dev,https,95163628,404483287,404666972,7295,nginx,,text/html
lnk.bio,https,57859294,734520700,773678994,156367,nginx,,text/html; charset=UTF-8
louismerl.in,https,40498159,318014205,318235118,10345,cloudflare,cache-bma1664-BMA,text/html; charset=utf-8
lopoukhine.com,https,16734844,227534743,685094400,1116,nginx,,text/html; charset=utf-8
lovesexsecretgod.com,https,27772805,57971481,58265601,10681,AmazonS3,,text/html
lmy.medium.com,https,35030868,1145159936,1151842599,168699,cloudflare,,text/html; charset=utf-8
lucperkins.dev,https,23413897,114994572,115257993,18171,Netlify,,text/html; charset=UTF-8
lorenzopieri.com,https,35884470,581883404,605109898,14722,,,text/html; charset=utf-8
bradleybuda.com,http,27039569,417146054,417215962,1189,AmazonS3,,text/html
lui.sv,https,41766239,205707734,205854670,3715,cloudflare,,text/html; charset=utf-8
luciano.laratel.li,https,89398417,397039689,397134926,1612,nginx/1.20.2,,text/html
m15o.ichi.city,https,64757339,172507067,206913116,13547,,,text/html; charset=utf-8
lukaszkups.net,https,51761643,556884571,557043295,4612,cloudflare,,text/html
luord.com,https,35124595,349767061,349962085,8715,cloudflare,cache-bma1654-BMA,text/html; charset=utf-8
lxagi.com,https,59918667,394334659,394751925,31917,Apache,,text/html
lwgmnz.me,https,61939121,437120654,439310153,92246,nginx,,text/html; charset=UTF-8
ma.rtin.so,https,57873464,242009204,242317184,15769,Netlify,,text/html; charset=UTF-8
macwright.com,https,52477550,145425340,175550839,46145,Netlify,,text/html; charset=UTF-8
makeall.dev,https,34083439,158837403,204350030,857511,cloudflare,,text/html; charset=utf-8
maksimov.ski,https,136017196,256502579,256623485,735,GitHub.com,cache-hel1410034-HEL,text/html; charset=utf-8
machow.ski,https,147023488,363549071,505136016,9104,Netlify,,text/html; charset=UTF-8
manuel.kiessling.net,https,61588432,231159876,231832554,69496,Apache,,text/html; charset=UTF-8
manolov.me,https,64783019,586844873,587003978,4526,cloudflare,cache-bma1630-BMA,text/html; charset=utf-8
marcolabarile.me,https,132168502,253710811,253954194,13888,GitHub.com,cache-hel1410034-HEL,text/html; charset=utf-8
manuelmoreale.com,https,119363080,556417705,556789573,38073,nginx-rc,,text/html; charset=UTF-8
mariocesar.xyz,https,81420487,204780266,204966140,8576,GitHub.com,cache-hel1410034-HEL,text/html; charset=utf-8
marcospereira.me,https,177992518,307616285,307775830,5031,GitHub.com,cache-hel1410023-HEL,text/html; charset=utf-8
mateusfreira.github.io,https,50344159,172287044,172725200,29576,GitHub.com,cache-hel1410025-HEL,text/html; charset=utf-8
char.lol,http,60524198,184387161,464559819,11982,GitHub.com,cache-hel1410034-HEL,text/html; charset=utf-8
mateuszbuda.github.io,https,48659244,174095745,174359417,12368,GitHub.com,cache-hel1410033-HEL,text/html; charset=utf-8
marclittlemore.com,https,55244850,576566310,1018324621,41443,Netlify,,text/html; charset=UTF-8
madduci.netlify.app,https,51611558,1436380046,1436789813,4471,Netlify,,text/html; charset=UTF-8
matt-rickard.com,https,36724204,76488897,76782807,15788,openresty,"cache-ams12759-AMS, cache-hel1410022-HEL",text/html; charset=utf-8
matecha.net,https,59748193,584684764,584761681,9661,nginx,,text/html
matthall.codes,https,30283553,134262814,134399429,2914,Vercel,,text/html; charset=utf-8
matsimitsu.com,https,116291590,222102282,467885312,52940,Vercel,,text/html; charset=utf-8
mattrighetti.com,https,29716161,315386150,315494276,2667,cloudflare,cache-bma1631-BMA,text/html; charset=utf-8
matthiasportzel.com,https,83745321,573504468,573661043,5089,Apache/2.4.41 (Ubuntu),,text/html
marvilde.cc,http,1237651483,1240475771,1240572778,5548,Apache/2.4.52 (FreeBSD),,text/html
matthewminer.name,https,185284691,849836471,849957877,6315,Apache,,text/html; charset=utf-8
maxleiter.com,https,53685370,291667694,291966145,17504,Vercel,,text/html; charset=utf-8
mattpengelly.com,https,50939410,729499004,867231495,5905,Vercel,,text/html
maxrozen.com,https,49776437,158063538,158334730,14003,Vercel,,text/html; charset=utf-8
me.kochie.io,https,61893363,164828288,165439578,59415,Vercel,,text/html; charset=utf-8
matthewburke.xyz,https,216455405,1174930237,1175058773,5992,Caddy,,text/html; charset=utf-8
medium.com,https,27961609,122684982,129735862,173811,cloudflare,,text/html; charset=utf-8
meadhbh.hamrick.rocks,https,91401931,212920821,213094045,4144,GitHub.com,cache-hel1410030-HEL,text/html; charset=utf-8
meipouchou.com,https,54294050,119818995,120012438,10505,Netlify,,text/html; charset=UTF-8
memex.marginalia.nu,https,56312504,182021327,182170692,3167,cloudflare,,text/html
metacognitive.me,https,49040912,226653164,226995073,26438,nginx/1.18.0 (Ubuntu),,text/html; charset=utf-8
mdolon.com,https,66474204,650134282,650500080,6397,cloudflare,cache-bma1673-BMA,text/html; charset=utf-8
meetryanflowers.com,https,136965677,588557009,588709614,10757,Apache,,text/html; charset=UTF-8
mfarstad.com,https,26798727,335111850,435843606,10313,,,text/html; charset=UTF-8
mikemcquaid.com,https,155034417,272931975,273450658,37621,GitHub.com,cache-hel1410026-HEL,text/html; charset=utf-8
mijndertstuij.nl,https,242899413,364763471,364980154,11202,GitHub.com,cache-hel1410024-HEL,text/html; charset=utf-8
mish.co,https,60800819,152857487,153017792,6278,Netlify,,text/html; charset=UTF-8
misha.brukman.net,https,20689825,221575287,221839669,13330,Netlify,,text/html; charset=UTF-8
maurice.fm,https,60431440,1668134954,1668189452,519,Netlify,,text/html; charset=UTF-8
minimalanalytics.com,https,51492462,526840989,527282325,51976,Netlify,,text/html; charset=UTF-8
migracja.dreamwidth.org,https,34913232,738099484,739646634,145952,Apache/2.4.7 (Ubuntu) mod_apreq2-20090110/2.8.0 mod_perl/2.0.8 Perl/v5.18.2,,text/html; charset=utf-8
mkws.sh,https,27088698,168715363,202563960,21139,OpenBSD httpd,,text/html
moogle.cc,https,107661711,155909039,156204069,19668,AmazonS3,,text/html
mittal.ai,https,258338682,523600417,523763512,4126,cloudflare,,text/html; charset=utf-8
moorwald.com,https,30174707,180407870,200865873,26010,nginx,,text/html;charset=UTF-8
muffinman.io,https,47651427,183578837,183873457,16426,GitHub.com,cache-hel1410029-HEL,text/html; charset=utf-8
mrsearer.com,https,44692663,315421640,316545733,28606,cloudflare,,text/html; charset=UTF-8
mrtno.com,https,86380634,267608238,267705605,2187,,,text/html
mwunderling.com,https,52257077,127438197,127708128,16710,Netlify,,text/html; charset=UTF-8
myli.page,https,41261356,160532459,160737721,3449,cloudflare,,text/html; charset=utf-8
moonmusiq.com,https,187956314,763425919,763861115,47216,nginx,,text/html
mtso.io,https,70172433,572870140,573000725,2010,cloudflare,,text/html; charset=utf-8
nadav.ca,https,38019481,159066396,159225801,4424,GitHub.com,cache-hel1410020-HEL,text/html; charset=utf-8
n8henrie.com,https,66357467,256583408,256829520,12375,GitHub.com,cache-hel1410033-HEL,text/html; charset=utf-8
mxuribe.com,https,70748815,358511366,358704320,4040,cloudflare,,text/html
nathancraddock.com,https,62567801,188514597,188711131,3395,cloudflare,,text/html; charset=utf-8
narenkeshav.com,https,29629245,369041282,370600551,12506,cloudflare,,text/html; charset=utf-8
new.pythonforengineers.com,https,72795517,81506064,81887302,36603,openresty,"cache-ams21044-AMS, cache-hel1410022-HEL",text/html; charset=utf-8
nextjs-markdown-blog-obutora.vercel.app,https,20374855,188442297,188676881,20171,Vercel,,text/html; charset=utf-8
neonarcade.games,https,136066195,617408807,617646020,11888,nginx/1.10.3 (Ubuntu),,text/html
neondispatch.com,https,156500638,643703340,644016010,11851,nginx/1.18.0 (Ubuntu),,text/html
nathants.com,https,69159726,861831971,862065024,15536,,,text/html
neuroky.me,https,265924263,623500830,623575497,1652,nginx,,text/html
nexusdev.tools,https,46651420,380758191,381190337,33528,Apache,,text/html
nibrahim.net.in,https,73575823,393883043,393991199,671,Apache,,text/html; charset=UTF-8
nico-boo.com,https,58278890,149767668,149938043,10114,Apache,,text/html
nickengmann.com,https,43470963,318139291,318599646,31850,cloudflare,,text/html; charset=utf-8
nilaykumar.github.io,https,20084835,142148948,142279753,2279,GitHub.com,cache-hel1410031-HEL,text/html; charset=utf-8
ninjito.com,https,35809623,199529227,203291704,46886,cloudflare,,text/html; charset=UTF-8
nickjanetakis.com,https,152643825,543452088,543766908,22115,nginx,,text/html
nikitavoloboev.xyz,https,55212280,466203067,466409980,5635,Netlify,,text/html; charset=UTF-8
nicholascharriere.com,https,132620128,784212522,784370477,4220,nginx/1.14.0 (Ubuntu),,text/html; charset=utf-8
mitchum.blog,https,169107428,2958426472,3097597947,110061,nginx/1.19.10,,text/html; charset=UTF-8
notes.chanux.me,https,68891685,427431370,432568853,13478,cloudflare,,text/html
nsirap.com,https,17585366,23262522,23427856,5629,,cache-hel1410028-HEL,text/html; charset=utf-8
nowrestlingonisland.com,https,62268531,182467614,182603670,2542,GitHub.com,cache-hel1410034-HEL,text/html; charset=utf-8
nutcroft.com,https,53302564,108850943,109117644,22555,Caddy,,text/html; charset=utf-8
notes.arunsr.in,https,228416297,750773984,751065574,25210,Apache,,text/html; charset=UTF-8
ntietz.com,https,129185730,436697728,436774855,1948,nginx/1.21.6,,text/html
notzeb.com,https,220195154,837777677,837934011,4421,Apache,,text/html; charset=UTF-8
nvegater.com,https,228376017,330192229,330326285,3256,Vercel,,text/html; charset=utf-8
nuxx.net,https,132131664,528024151,626300529,120235,Apache,,text/html; charset=UTF-8
oisinmoran.com,https,46010580,416192116,416307602,1910,cloudflare,,text/html; charset=utf-8
old-version.vishaltelangre.com,https,42422217,251403866,251560971,3855,cloudflare,,text/html; charset=UTF-8
omarabid.com,https,28889328,202083604,202332306,22662,cloudflare,cache-hhn4047-HHN,text/html; charset=utf-8
olin.monster,https,62977977,454030152,454666582,12187,,,text/html; charset=utf-8
omar.engineer,https,73963640,402730945,405183555,106167,Vercel,,text/html; charset=utf-8
offbynull.com,https,58958098,901965254,902099380,2855,GitHub.com,cache-hel1410034-HEL,text/html; charset=utf-8
njs.com.np,https,547728270,2017257498,2043362457,53828,LiteSpeed,,text/html; charset=UTF-8
ounapuu.ee,https,54520653,142659761,142821726,5550,nginx/1.20.2,,text/html
ovalerio.net,https,46462176,145171429,145327054,3012,cloudflare,,text/html
paco.me,https,32370985,299053053,299280726,10682,Vercel,,text/html; charset=utf-8
padiracinnovation.org,https,39745084,305257211,305359448,549,cloudflare,,text/html
onejasonforsale.com,https,241183790,603769083,603850850,864,Apache,,text/html
pagespeed.web.dev,https,17692353,221309147,247613570,181035,ESF,,text/html; charset=utf-8
palerdot.in,https,81068298,202067484,202330556,11872,GitHub.com,cache-hel1410029-HEL,text/html; charset=utf-8
openocd.org,https,26733048,781317036,781540529,8848,nginx,,text/html
patrick.wtf,https,36395214,303610267,304478108,27673,Vercel,,text/html; charset=utf-8
patrickbrophy.dev,https,52645735,171158793,323686132,2371,Vercel,,text/html; charset=utf-8
paperless.blog,https,86912547,653147314,661009478,9570,,,text/html; charset=utf-8
paul.totterman.name,https,115856103,122882484,123239183,5689,Caddy,,text/html; charset=utf-8
paulintrognon.fr,https,88586572,193011449,193854112,48388,Vercel,,text/html; charset=utf-8
paulstamatiou.com,https,52839438,143242682,143655229,23527,Netlify,,text/html; charset=UTF-8
pawelgrzybek.com,https,19858713,85790964,86170822,26022,Netlify,,text/html; charset=UTF-8
patrickkeane.me,https,60069052,570402680,570822926,39944,nginx,,text/html; charset=UTF-8
pavluk.org,https,181909232,359549462,359775165,6025,nginx,,text/html
paleotronic.com,https,57378270,1384067023,1387880749,165364,nginx/1.10.0 (Ubuntu),,text/html; charset=UTF-8
pedantic.software,https,183906397,301654499,301721787,1219,lighttpd/1.4.59,,text/html
petarbojinov.com,https,48602506,65399508,65599502,7160,AmazonS3,,text/html
pedro.cab,https,100847214,365373852,366265503,25267,cloudflare,,text/html; charset=UTF-8
paste.maxleiter.com,https,32307887,1432400297,1432706957,19033,Vercel,,text/html; charset=utf-8
peekread.info,https,89327059,292129729,295049545,79317,cloudflare,,text/html
peterburk.github.io,https,20775633,142175096,142349801,6387,GitHub.com,cache-hel1410030-HEL,text/html; charset=utf-8
penton.us,https,131681798,542563748,542633305,8755,nginx/1.20.0,,text/html; charset=UTF-8
petergarner.net,https,57697630,241572298,245335124,24504,nginx,,text/html; charset=UTF-8
petermolnar.net,https,122367982,350773146,351384517,42899,nginx,,text/html; charset=UTF-8
peterburk.tumblr.com,https,27974469,534249668,534520259,14568,openresty,,text/html; charset=UTF-8
picheta.me,https,67612687,290307129,290905299,1639,cloudflare,,text/html
pickettg.me,https,115764296,214767930,371969828,3788,Vercel,,text/html; charset=utf-8
pilabor.com,https,67894408,176475778,176858466,45703,Apache,,text/html
pinjour.com,https,31069267,381290323,381424520,3427,cloudflare,,text/html; charset=utf-8
pin2.io,https,62175584,507174681,507351235,8326,Apache,,text/html
pinkpigeon.co.uk,https,29218838,187643165,188627993,44252,cloudflare,,text/html
ph.leftium.com,https,65555773,1610419873,1610537100,2332,Netlify,,text/html; charset=UTF-8
pirogove.blogspot.com,https,17039244,744050229,852626302,158557,GSE,,text/html; charset=UTF-8
piyushrb.ml,https,93347489,834176455,834500794,22453,cloudflare,,text/html
plainorg.com,https,114876775,236226170,236522311,36405,GitHub.com,cache-hel1410022-HEL,text/html; charset=utf-8
play.ertdfgcvb.xyz,https,90701345,299689044,299913206,13764,Apache,,text/html
plackett.co.uk,https,73756527,705795057,1063078473,105128,cloudflare,,text/html; charset=UTF-8
plotapi.com,https,61389779,206654526,232933649,222930,nginx,,text/html; charset=UTF-8
plotpanel.com,https,51794043,188571575,189222884,49736,gunicorn,,text/html; charset=utf-8
polyra.com,https,16700906,187728881,188296643,30409,,,text/html; charset=utf-8
pixelism.com,https,67737993,2229282787,2236581529,2871,Microsoft-IIS/8.0,,text/html;charset=UTF-8
postbits.de,https,92430869,172820359,172932615,2220,Apache,,text/html
potateaux.com,https,38081199,501349630,501531344,7761,cloudflare,,text/html
prashp.gitlab.io,https,37785949,770475501,884211175,18151,,,text/html; charset=utf-8
potato.horse,https,198085835,1004140826,1479834903,106918,Vercel,,text/html; charset=utf-8
pratgen.dk,https,67391423,434946886,435034744,1038,nginx/1.21.6,,text/html
hw.ax,http,62340650,147543112,308170906,44392,Apache/2.4.52 (Debian),,text/html; charset=UTF-8
profitspace.io,https,152538989,272263697,272406502,6007,ProfitSpace.io,,text/html; charset=utf-8
pretzelbox.cc,https,26762268,427318504,648998910,34312,AmazonS3,,text/html
projects.brianmccrillis.com,https,61206856,482191176,482345921,10718,,,text/html; charset=utf-8
pythops.com,https,111200596,198422133,198598867,22028,nginx,,text/html
pushtocreate.com,https,133276497,459702119,557805452,69324,,,text/html; charset=utf-8
qrz.is,https,37006664,126429669,126664802,8635,nginx,,text/html
qdice.wtf,https,131000760,592712502,592805869,2527,nginx/1.21.4,,text/html
quaxio.com,https,51763242,327592445,465045846,130765,cloudflare,cache-bma1677-BMA,text/html; charset=utf-8
quinnkeast.com,https,61610522,166589460,166761514,7398,Vercel,,text/html; charset=utf-8
quitesimple.org,https,36924036,145919444,145991702,3038,nginx,,text/html
raemond.com,https,60304285,401308300,401658279,27411,cloudflare,,text/html; charset=utf-8
qubyte.codes,https,87718432,1873668929,1873921570,7687,Netlify,,text/html; charset=UTF-8
rafael.keramid.as,https,197285852,732796140,732867128,2212,,,text/html; charset=utf-8
rafamarino.com,https,38090588,246330252,246644882,4833,AmazonS3,,text/html
rajasekharan.com,https,30825605,37130710,37283595,4265,,cache-hel1410031-HEL,text/html; charset=utf-8
rajasimon.io,https,70080546,194737254,195984203,58790,cloudflare,,text/html; charset=utf-8
rajatkulkarni.dev,https,88808075,285942690,474770636,26930,Vercel,,text/html; charset=utf-8
ramble.rixx.de,https,58171594,180007683,180151888,9134,nginx,,text/html; charset=utf-8
random-name.org,https,31655419,536081561,536297674,6298,Apache/2.4.41 (Ubuntu),,text/html
randomblock1.com,https,74815191,390432274,390657306,7792,cloudflare,cache-bma1655-BMA,text/html; charset=utf-8
rasulkireev.com,https,64170020,270450067,300562106,49180,Netlify,,text/html; charset=UTF-8
johnnatan.me,http,92650369,218289345,502331729,105655,Apache/2.4.38 (Debian),,text/html
ratfactor.com,https,33101881,704245619,870608776,27484,Apache/2.4.51 (Unix) OpenSSL/1.0.2u,,text/html
rauli.dev,https,111091260,234699251,234918414,6793,GitHub.com,cache-hel1410023-HEL,text/html; charset=utf-8
rattlerake.com,https,195479131,1123404848,1123554174,4124,Caddy,,text/html; charset=utf-8
raunak.io,https,131814115,252586409,252783623,5123,GitHub.com,cache-hel1410020-HEL,text/html; charset=utf-8
redskyforge.com,https,60541867,168247338,168365404,2354,nginx/1.10.3 (Ubuntu),,text/html
reindeereffect.github.io,https,19734756,141392842,141648164,13596,GitHub.com,cache-hel1410023-HEL,text/html; charset=utf-8
relaxdiego.com,https,40708133,425742264,425989216,12041,cloudflare,cache-bma1643-BMA,text/html; charset=utf-8
rakhyani.com,https,192712138,4016746574,4017225748,81748,Apache,,text/html; charset=UTF-8
realmofchaos.xyz,https,85173124,1033868175,1035917219,28210,Caddy,,text/html; charset=utf-8
rembrob.com,https,54696357,371204563,372071965,60291,AmazonS3,,text/html
remyhunt.net,https,50271151,255908041,256070575,5479,Netlify,,text/html; charset=UTF-8
renatello.com,https,30231215,492734593,493749610,38059,cloudflare,,text/html; charset=UTF-8
ricardopimen.tel,https,40465751,302429875,302997216,24864,Vercel,,text/html; charset=utf-8
reyan.co,https,52405832,691692069,691838504,1663,cloudflare,,text/html; charset=utf-8
repo.codegazer.io,https,135312651,1293676251,1293890624,7802,cloudflare,,text/html; charset=utf-8
riftvalleysoftware.com,https,146679550,739237538,855554178,60386,LiteSpeed,,text/html; charset=UTF-8
rikverse2020.rikweb.org.uk,https,720377674,823765744,823919798,1834,,,text/html
rileystew.art,https,60450250,523697223,523885467,7947,nginx/1.20.2,,text/html; charset=utf-8
rinum.com,https,62073927,322253548,322428882,5716,cloudflare,,text/html
rish.dev,https,31689247,338713702,338827778,1802,Apache/2.4.29 (Ubuntu),,text/html
rishigoomar.com,https,56052224,335792976,335974750,6030,cloudflare,,text/html; charset=utf-8
rinzewind.org,https,229652296,588523800,588641516,693,Apache,,text/html
rixx.de,https,46616469,167401254,167605507,7057,nginx,,text/html; charset=utf-8
robomartin.com,https,59041036,387028677,387101165,668,Apache,,text/html
rockyj.in,https,31760485,45031153,45244026,5930,,cache-hel1410033-HEL,text/html; charset=utf-8
roche.io,https,61746997,479039478,479337549,10983,nginx/1.13.1,,text/html
rohitjha.com,https,50618400,174417855,174661487,9187,nginx/1.14.0 (Ubuntu),,text/html
rlhitboxes.com,https,80822806,828337186,828413004,3922,Apache/2.4.6 (CentOS) OpenSSL/1.0.2k-fips,,text/html; charset=UTF-8
rpandey.tech,https,51494591,59224150,59707984,34472,,cache-hel1410020-HEL,text/html; charset=utf-8
romainpenchenat.com,https,57348331,171409654,171836490,40612,Apache,,text/html; charset=UTF-8
rrich.io,https,31118716,210116582,210286947,6533,Netlify,,text/html; charset=UTF-8
rsarai.xyz,https,123545554,245395814,468954598,5521,GitHub.com,cache-hel1410026-HEL,text/html; charset=utf-8
runnit.io,https,42936160,306129723,306369205,12046,cloudflare,,text/html; charset=UTF-8
ruky.me,https,47719214,522570361,709884937,78161,cloudflare,,text/html; charset=UTF-8
rutar.org,https,80445558,209695287,210065145,3693,cloudflare,,text/html; charset=utf-8
ryan-schachte.com,https,28770682,132232790,132525661,12060,Vercel,,text/html; charset=utf-8
rybakov.com,https,30219686,138659162,138905604,21126,cloudflare,,text/html
sagar.se,https,65071380,247144566,247431466,15102,Netlify,,text/html; charset=UTF-8
rolandog.com,https,255994708,1748270227,1748495329,12815,Apache,,text/html; charset=UTF-8
sam.hooke.me,https,32076145,210300067,210437882,2120,Netlify,,text/html; charset=UTF-8
rymc.io,https,40689994,454829338,763704492,103627,cloudflare,,text/html; charset=utf-8
samweaver.com,https,30821575,236540671,236747824,9531,Netlify,,text/html; charset=UTF-8
sanjivsoni.com,https,29678732,154756156,154882872,4392,GitHub.com,cache-hel1410034-HEL,text/html; charset=utf-8
satyamkapoor.com,https,41987942,454630716,454829820,7495,cloudflare,,text/html
salem.io,https,32822811,1213806645,1214013769,14930,Netlify,,text/html; charset=UTF-8
schriftrolle.de,https,40931197,175756622,176030222,21304,nginx,,text/html; charset=UTF-8
samyaks.xyz,https,83718292,1196641224,1196834648,7113,GitHub.com,cache-hel1410034-HEL,text/html; charset=utf-8
scriptor.pro,https,179101195,786349864,786477270,3315,Apache,,text/html; charset=UTF-8
searchableguy.com,https,39082487,585498959,585707602,8507,Vercel,,text/html; charset=utf-8
se-radio.net,https,115677090,1003600273,1761899002,62343,Apache,,text/html; charset=UTF-8
seinquotes.com,https,80923594,471810495,471976000,8816,nginx/1.10.3 (Ubuntu),,text/html; charset=UTF-8
seirdy.one,https,128240331,618653441,618956711,19310,,,text/html; charset=utf-8
sebastiansastre.co,https,58009180,1763163984,1763624609,30482,Netlify,,text/html; charset=UTF-8
serhack.me,https,77978679,212508853,213320776,18208,cloudflare,,text/html; charset=utf-8
sensors.anardil.net,https,40141422,366787606,366906962,1298,cloudflare,,text/html
savraj.co,https,31838702,3723492537,3804394710,11353,Google Frontend,,text/html; charset=utf-8
shahinrostami.com,https,30235585,164857198,249706623,152134,nginx/1.21.0,,text/html
shalabh.com,https,18875095,510563962,510693528,2235,Netlify,,text/html; charset=UTF-8
sfc.fm,https,81978870,742261804,742464757,7291,nginx/1.10.3 (Ubuntu),,text/html; charset=utf-8
shivambl.com,https,42409338,162145316,162251323,2326,cloudflare,,text/html; charset=utf-8
shivamrana.me,https,36183761,157384512,157783789,49763,GitHub.com,cache-hel1410026-HEL,text/html; charset=utf-8
shen.hong.io,https,286606221,469033857,469231231,30727,nginx,,text/html; charset=utf-8
shanecleveland.com,https,183185420,892833025,893169894,20271,nginx,,text/html; charset=utf-8
shyamjos.com,https,61494306,187928156,188132289,6960,GitHub.com,cache-hel1410026-HEL,text/html; charset=utf-8
siddhantpyasi.com,https,60318734,182113665,182392766,16776,GitHub.com,cache-hel1410023-HEL,text/html; charset=utf-8
silv.io,https,58834203,245634015,398782184,3382,Fly/26927321 (2022-03-31),,text/html; charset=utf-8
siliconvict.com,https,30576994,623165123,623382695,7130,cloudflare,,text/html; charset=utf-8
sime.net.au,https,197366389,299357055,299487891,2290,Vercel,,text/html; charset=utf-8
siemens.blog,https,223361210,890317097,890569589,11498,nginx/1.18.0 (Ubuntu),,text/html; charset=utf-8
simone.computer,https,60715641,180339794,180541657,6190,GitHub.com,cache-hel1410033-HEL,text/html; charset=utf-8
simon-frey.com,https,47382926,344107847,344261542,3948,cloudflare,,text/html; charset=UTF-8
sinaomrani.github.io,https,19921511,139284851,139483144,8051,GitHub.com,cache-hel1410031-HEL,text/html; charset=utf-8
sixdaemonbag.com,https,20504031,142725227,142796365,119,GitHub.com,cache-hel1410020-HEL,text/html; charset=utf-8
slightknack.dev,https,372314417,492671475,492906727,19359,GitHub.com,cache-hel1410022-HEL,text/html; charset=utf-8
slhomme.com,https,78887519,566830918,567016452,7142,nginx,,text/html
smotesko.com,https,74522462,157147669,157297314,4991,Caddy,,text/html; charset=utf-8
smlavine.com,https,66375968,456021161,456138917,1966,nginx/1.14.2,,text/html
sneak.berlin,https,81665409,281201347,281662202,10916,cloudflare,,text/html; charset=UTF-8
simonwillison.net,https,28675056,1229096488,1362361814,107901,cloudflare,,text/html; charset=utf-8
softwaredoug.com,https,61993251,265787419,266013772,10324,Netlify,,text/html; charset=UTF-8
soft.thran.uk,https,59775423,466270946,466488099,7521,nginx/1.14.2,,text/html
sonnet.io,https,92381900,374725159,374800626,3838,AmazonS3,,text/html
sonurai.com,https,56390092,337746744,338293436,48277,Vercel,,text/html; charset=utf-8
souenzzo.com.br,https,276472331,405259004,405425808,7287,GitHub.com,cache-hel1410029-HEL,text/html; charset=utf-8
spaulmark.github.io,https,49506117,175378535,175513350,7324,GitHub.com,cache-hel1410025-HEL,text/html; charset=utf-8
nywkap.com,http,62300080,320085209,423594853,28602,AmazonS3,,text/html; charset=utf-8
squeak.js.org,https,74672175,327051520,327322561,10759,cloudflare,cache-bma1673-BMA,text/html; charset=utf-8
spaceisdisorienting.com,https,98585426,716212438,716724322,25205,nginx,,text/html; charset=utf-8
srirangan.net,https,337673477,470002515,470177399,5445,nginx/1.18.0 (Ubuntu),,text/html
srslyw.tf,https,189546594,736683954,737091220,37052,nginx/1.18.0 (Ubuntu),,text/html; charset=utf-8
staycaffeinated.com,https,54864012,244168192,479426906,17287,Netlify,,text/html; charset=UTF-8
spiderfarmer.raphael.digital,https,31500374,1436619463,1437067189,5256,Netlify,,text/html; charset=UTF-8
stffrdhrn.github.io,https,21865928,149277616,151429745,279380,GitHub.com,cache-hel1410023-HEL,text/html; charset=utf-8
stockevents.app,https,17692693,114323774,116191603,59270,nginx/1.17.0,,text/html; charset=utf-8
staysaasy.com,https,32760453,444083089,452034379,10052,,,text/html; charset=utf-8
strzibny.name,https,61484167,128831422,129004807,6910,Netlify,,text/html; charset=UTF-8
sudcha.com,https,29185219,164811018,165445258,61443,GitHub.com,cache-hel1410020-HEL,text/html; charset=utf-8
sudhir.io,https,64974022,167753163,167898628,2696,Vercel,,text/html; charset=utf-8
stormrider.io,https,155001078,451310852,451441038,2414,Apache/2.4.29 (Ubuntu),,text/html
sullivantm.com,https,47588690,323213576,323445498,9794,cloudflare,cache-bma1636-BMA,text/html; charset=utf-8
symbolflux.com,http,28116564,249691084,249751892,1969,,,text/html; charset=utf-8
sunday.fudge.org,https,133213437,930189298,1189731600,40031,cloudflare,,text/html; charset=utf-8
swlkr.com,https,1226602010,1347145052,1347289027,11463,GitHub.com,cache-hel1410022-HEL,text/html; charset=utf-8
tabletopper.app,https,32505971,220846183,220978309,1712,cloudflare,cache-fra19134-FRA,text/html; charset=utf-8
petrustheron.com,http,65673489,225404064,225549579,11209,AmazonS3,,text/html
tacosteemers.com,https,128945798,261222317,261296855,8272,Apache,,text/html
t.fail,https,124930070,547805719,547942135,3285,Netlify,,text/html; charset=UTF-8
taoa.io,https,68875976,277194677,320667190,244731,cloudflare,cache-fra19126-FRA,text/html; charset=utf-8
peterburk.free.fr,http,27134176,494797416,891148690,14568,openresty,,text/html; charset=UTF-8
taormina.io,https,55812051,177156797,177305212,8897,GitHub.com,cache-hel1410024-HEL,text/html; charset=utf-8
tapvise.com,https,32263089,250107410,250405570,21640,cloudflare,,text/html; charset=UTF-8
taylor.town,https,39436935,165597044,166163135,17739,cloudflare,,text/html; charset=utf-8
tasuki.org,https,119683069,201967618,202068135,6695,Apache/2.4.53 (Debian),,text/html; charset=UTF-8
techleadcompass.com,https,92356620,106725422,107121049,21369,AmazonS3,,text/html
techsolomon.com,https,62519903,384871858,385149698,24625,cloudflare,cache-bma1654-BMA,text/html; charset=utf-8
technerder.com,https,68035723,499520360,499632166,1520,cloudflare,,text/html; charset=utf-8
telegra.ph,https,16536201,125800971,125934566,4575,nginx/1.20.1,,text/html; charset=utf-8
tdarb.org,https,186110586,712418804,712691105,20862,Apache,,text/html; charset=UTF-8
terj.in,https,29693683,421596373,421824686,11334,Netlify,,text/html; charset=UTF-8
tfe.eus,https,60872736,303103622,303308266,11478,Apache/2.4.52 (Debian),,text/html; charset=UTF-8
textpost.me,https,320282073,733692101,733769229,7088,nginx,,text/html; charset=utf-8
teitoklien.com,https,25675894,1032990749,1033091466,967,nginx,,text/html
techinch.com,https,119314321,1449631840,1722413671,57959,Apache/2.4.18 (Ubuntu),,text/html; charset=UTF-8
theandrewbailey.com,https,27188754,374009962,374340931,19829,,,text/html;charset=UTF-8
tglyn.ch,https,64972003,247346048,764979511,4498,Netlify,,text/html; charset=UTF-8
theflyingbuffalo.com,https,197134126,816169123,816323228,5505,Apache,,text/html; charset=UTF-8
theforest.link,https,262747547,683191097,683339622,3236,nginx-rc,,text/html; charset=UTF-8
thejamespaterson.com,https,151759714,295626977,295704814,5139,Apache,,text/html
text2db.com,https,25796550,1621988475,1789579525,49723,LiteSpeed,,text/html; charset=UTF-8
thehighestcritic.com,https,29065844,662029888,679609405,166558,cloudflare,,text/html; charset=UTF-8
thelastpointer.github.io,https,51119385,177312904,177414470,3046,GitHub.com,cache-hel1410028-HEL,text/html; charset=utf-8
theoreticallygoodwithcomputers.com,https,18782849,138959132,370317633,4772,GitHub.com,cache-hel1410028-HEL,text/html; charset=utf-8
thesecret.city,https,62851602,212233154,242183998,237234,nginx,,text/html; charset=utf-8
theroadchoseme.com,http,16110544,244409926,474556467,73706,Apache,,text/html; charset=UTF-8
pnathan.com,http,62831813,426388397,590331856,17689,AmazonS3,,text/html
thetrevor.tech,https,379744966,983854442,983934149,2456,lighttpd/1.4.64,,text/html
thomashunter.name,https,76375641,885093130,1046561289,70692,nginx/1.20.1,,text/html
thomaswelter.nl,https,60551138,672319003,672840026,19798,,,text/html; charset=utf-8
thinkingthrough.substack.com,https,33548147,838460040,1049546501,243716,cloudflare,Substack,text/html; charset=utf-8
timdaub.github.io,https,52191049,172669303,172933275,19828,GitHub.com,cache-hel1410023-HEL,text/html; charset=utf-8
tiltingatwindmills.dev,https,71625346,480167773,480567010,23511,nginx/1.14.0 (Ubuntu),,text/html
timonapath.com,https,41337484,283696996,283850901,3929,cloudflare,,text/html
thoughts.jatan.space,https,243771796,1174508267,1179519354,184585,cloudflare,Substack,text/html; charset=utf-8
tidbitsfortechs.com,https,149740601,607431716,1281207371,39406,Apache,,text/html; charset=UTF-8
timelapse.anardil.net,https,41272775,890921269,891073074,2982,cloudflare,,text/html
tobiaskucera.art,https,131402639,140417225,140852441,16494,adobe,cache-hel1410023-HEL,text/html; charset=utf-8
timothy.de,https,61020222,534414006,694258768,148680,Netlify,,text/html; charset=UTF-8
tjcampanella.com,https,82083457,505953174,506059600,355,nginx/1.14.2,,text/html
tomverbeure.github.io,https,20069046,140031798,140336188,21711,GitHub.com,cache-hel1410024-HEL,text/html; charset=utf-8
tommasoamici.com,https,66549270,364358917,369119381,179451,cloudflare,,text/html; charset=utf-8
tinyurl.com,https,29647283,1079137834,1079327328,4566,cloudflare,,text/html; charset=UTF-8
tomasreimers.com,https,64745481,615433125,615573071,2161,GitHub.com,cache-hel1410025-HEL,text/html; charset=utf-8
tomzorz.me,https,180176708,323518997,323696961,6911,Microsoft-IIS/10.0,,text/html
tpolito.com,https,41887816,210730074,211036243,5757,cloudflare,,text/html
qedlaboratory.com,http,57273354,325799433,326070835,10095,nginx/1.18.0 (Ubuntu),,text/html
towardssoftware.com,https,62125866,380573839,484087816,4102,gunicorn,,text/html; charset=utf-8
transitivebullsh.it,https,106828399,433442067,525736039,765877,Vercel,,text/html; charset=utf-8
tsk.bearblog.dev,https,71258858,417036070,417166696,3006,gunicorn/20.0.4,,text/html; charset=utf-8
tompollak.me,https,40309986,1154572436,1257957047,164537,cloudflare,,text/html; charset=UTF-8
twitter.com,https,7236564,246785947,386149095,97421,tsa_o,,text/html; charset=utf-8
twos.dev,https,53882514,175354345,175500370,3880,GitHub.com,cache-hel1410029-HEL,text/html; charset=utf-8
tuckersiemens.com,https,70177863,719078235,719187532,2037,nginx,,text/html
trendytrendytrendy.com,https,59962486,855504552,1042463819,96671,nginx/1.18.0 (Ubuntu),,text/html
ultimatemachine.se,https,37443920,261100453,291423665,57684,Netlify,,text/html; charset=UTF-8
umutseven.com,https,50447087,170774676,170944741,4915,GitHub.com,cache-hel1410031-HEL,text/html; charset=utf-8
uguu.org,https,30137387,522860772,522982439,2252,Apache/2.4.29 (Ubuntu),,text/html
uninformed.space,https,52645325,173508587,173625453,1295,GitHub.com,cache-hel1410024-HEL,text/html; charset=utf-8
utf9k.net,https,20915638,112963219,113163172,6773,Netlify,,text/html; charset=UTF-8
unorde.red,https,63564759,163069267,163212552,4223,nginx,,text/html
ulvgard.se,https,40104804,636872928,637847167,4035,,,text/html; charset=utf-8
vadimkravcenko.com,https,41154539,130979402,131186635,19219,cloudflare,,text/html; charset=UTF-8
vaghetti.dev,https,21999353,143440335,143718246,12889,GitHub.com,cache-hel1410020-HEL,text/html; charset=utf-8
varun.ch,https,70930940,174542663,174704517,5160,Vercel,,text/html; charset=utf-8
trbm.net,https,58841653,1216264076,1780943376,47083,,,text/html; charset=utf-8
vaclavkosar.com,https,41635892,609177230,609851938,64333,cloudflare,,text/html; charset=utf-8
vatsalparekh.com,https,40896698,372989316,373169950,7470,cloudflare,,text/html; charset=utf-8
vimota.me,https,30792797,135413678,135575783,5327,Vercel,,text/html; charset=utf-8
victorribeiro.com,https,133300347,425928601,426025078,4491,Apache/2.4.29 (Ubuntu),,text/html
vinc.cc,https,39793554,144964557,145082143,2015,nginx,,text/html
vinhnx.github.io,https,56583616,179827570,179979015,4527,GitHub.com,cache-hel1410026-HEL,text/html; charset=utf-8
vishaltelangre.com,https,40448192,172030945,172403043,40994,Vercel,,text/html; charset=utf-8
uzpg.me,https,70940929,271467634,1257475734,3884,Netlify,,text/html; charset=UTF-8
vito.io,https,65802856,311217588,311395942,5721,cloudflare,,text/html
vlad.studio,https,55487793,71572329,71937637,24686,nginx/1.18.0 (Ubuntu),,text/html; charset=UTF-8
vlad.gg,https,65338522,465448204,465611579,5215,cloudflare,,text/html; charset=UTF-8
uw.leftium.com,https,35979577,1724958271,1725033308,865,Netlify,,text/html; charset=UTF-8
vlad.lgbt,https,75307616,167153824,414676658,5215,cloudflare,,text/html; charset=UTF-8
vtomole.com,https,18125389,184726180,184898285,5763,GitHub.com,cache-hel1410033-HEL,text/html; charset=utf-8
viewfromtheweb.com,https,182100776,893737897,1300947747,295556,nginx + Phusion Passenger(R) 6.0.12,,text/html; charset=utf-8
wagslane.dev,https,23112467,226203990,226347105,3619,Netlify,,text/html; charset=UTF-8
vincentntang.com,https,85842243,456809245,1188213162,125281,Netlify,,text/html; charset=UTF-8
waterfull.netlify.app,https,22048212,86708975,86774563,866,Netlify,,text/html; charset=UTF-8
voxleone.com,https,37881506,751857130,761492316,160180,nginx,,text/html; charset=UTF-8
wantguns.dev,https,213198093,339073591,339298224,8386,GitHub.com,cache-hel1410029-HEL,text/html; charset=utf-8
webamp.org,https,31175405,97711807,97873332,4142,Netlify,,text/html; charset=UTF-8
walterbright.com,https,135424057,592688317,593044526,16987,Apache/2.4.46 (FreeBSD) OpenSSL/1.0.2u-freebsd PHP/7.3.29,,text/html
webcamplus.app,https,29898806,153587916,153793289,10129,GitHub.com,cache-hel1410028-HEL,text/html; charset=utf-8
waltermichelin.com,https,37758109,697828161,697939627,1518,Netlify,,text/html; charset=UTF-8
wave.webaim.org,https,55979255,421770786,421918601,3023,Apache/2.4.49 (Ubuntu),,text/html; charset=UTF-8
wenbin.org,https,63180681,233053995,233294878,8683,cloudflare,cache-fra19122-FRA,text/html; charset=utf-8
will.institute,https,55474172,235311251,235511835,11921,Netlify,,text/html; charset=UTF-8
willhackett.com,https,56065402,164614316,340771146,51426,Vercel,,text/html; charset=utf-8
will.gleich.tech,https,70441865,667223907,667625944,6040,cloudflare,,text/html; charset=utf-8
wiki.tcl-lang.org,https,28316347,847723797,847987229,9838,cloudflare,,text/html
wa.tson.dk,https,87662393,1711023325,1711209449,8178,Netlify,,text/html; charset=UTF-8
wilsonjholmes.com,https,37007305,433290971,433473346,7459,nginx/1.14.2,,text/html
williamkennedy.ninja,https,149936105,619864023,620299068,34913,Netlify,,text/html; charset=UTF-8
wooo.sh,https,61117908,179931307,180053953,1452,GitHub.com,cache-hel1410023-HEL,text/html; charset=utf-8
wings.watch,https,100442967,219614304,394653662,5996,GitHub.com,cache-hel1410025-HEL,text/html; charset=utf-8
wojtekmandrysz.com,https,68940784,272287138,272361316,2976,nginx,,text/html
wmw.thran.uk,https,92562924,493512279,493664074,4030,nginx/1.14.2,,text/html
wout.space,https,66828902,175527380,175772742,12010,cloudflare,,text/html
wooptoo.com,https,70343968,422149714,422380317,10915,cloudflare,,text/html
www.4fips.com,https,49911244,188079262,188202959,4408,Apache,,text/html; charset=UTF-8
wrongsideofmemphis.com,https,36463652,514701610,523812853,162564,nginx,,text/html; charset=UTF-8
worldbackupday.com,https,26855225,747916010,748470643,35744,LiteSpeed,,text/html; charset=UTF-8
wiki.nikitavoloboev.xyz,https,90520211,1902745000,2091979285,987926,cloudflare,,text/html; charset=utf-8
www.adithyabalaji.com,https,197841003,320238164,320504685,13209,GitHub.com,cache-hel1410033-HEL,text/html; charset=utf-8
www.alfie.wtf,https,40812971,56825829,57053371,1910,AmazonS3,,text/html
www.adamconrad.dev,https,219704242,699160388,700493894,14954,,,text/html; charset=utf-8
writing.martin-brennan.com,https,338308567,1146332008,1146563790,13096,nginx/1.4.6 (Ubuntu),,text/html
www.allanhortle.com,https,66366568,170287831,170487855,9894,Vercel,,text/html; charset=utf-8
www.alexslade.com,https,69183106,466630395,466883906,13950,cloudflare,,text/html; charset=UTF-8
www.amazingcto.com,https,63164552,356238183,356552673,14455,Netlify,,text/html; charset=UTF-8
www.anders.co,https,59716924,389294755,389777490,10219,Cowboy,,text/html; charset=utf-8
www.alexanderweichart.de,https,70844312,886951149,887077705,1551,cloudflare,,text/html; charset=utf-8
www.andrewmao.net,https,178090417,299418353,299622116,6753,GitHub.com,cache-hel1410034-HEL,text/html; charset=utf-8
www.andrew-kirkpatrick.com,https,459160919,581795763,582350115,54133,LiteSpeed,,text/html; charset=UTF-8
www.antipa.io,https,43059857,288259067,288363414,1382,Netlify,,text/html; charset=UTF-8
www.anardil.net,https,31323119,855616710,865167239,9934,cloudflare,,text/html
www.benibela.de,https,113977667,224771176,246375182,68155,nginx,,text/html; charset=UTF-8
www.andrusia.com,https,145979323,653420858,653485926,5901,Apache,,text/html
www.billdietrich.me,https,376337967,461314638,461513402,9839,,,text/html; charset=utf-8
www.bramadams.dev,https,123731678,225809881,225932688,16936,Vercel,,text/html; charset=utf-8
www.bidon.ca,https,97374918,657373029,657620911,11434,nginx,,text/html; charset=utf-8
www.browserstack.com,https,62769515,131041980,147475635,411224,cloudflare,,text/html; charset=UTF-8
www.bunkernet.dev,https,33832028,156807161,157048533,27192,GitHub.com,cache-hel1410024-HEL,text/html; charset=utf-8
www.bermita.com,https,307429753,937983256,938121251,3712,Apache/2,,text/html
www.carrot.blog,https,64112001,168037524,168328195,17075,cloudflare,,text/html; charset=UTF-8
www.brosstribe.com,https,186602449,369208669,369718273,22078,,,text/html
www.000fff.org,https,152323986,1172413126,2787736343,34916,Apache,,text/html; charset=UTF-8
www.catpea.com,https,119586963,222136882,222531139,36459,Vercel,,text/html; charset=utf-8
www.chrislessard.co,https,67574759,185969410,186094536,1498,GitHub.com,cache-hel1410030-HEL,text/html; charset=utf-8
www.clayson.io,https,68116770,246127540,246423040,8816,cloudflare,cache-hhn4028-HHN,text/html; charset=utf-8
www.ciroduran.com,https,59178422,568421368,568782876,15309,LiteSpeed,,text/html
www.classicempire.com,https,192676472,649546714,650067557,14029,Apache/2.4.46 (FreeBSD) OpenSSL/1.0.2u-freebsd PHP/7.3.29,,text/html
www.codenameparker.com,https,69551774,315118662,315339555,13672,Vercel,,text/html
standard.dev,https,17584925250,17687249096,17687444850,9813,Vercel,,text/html; charset=utf-8
www.breckyunits.com,https,58381857,912571943,1424268459,622478,nginx/1.14.0 (Ubuntu),,text/html
www.craigtockman.com,https,65504016,167233511,167491552,20108,Vercel,,text/html; charset=utf-8
www.chromatocosmos.com,https,58901951,413920532,1065468431,516845,Pepyaka/1.19.10,,text/html; charset=UTF-8
www.codevoid.net,https,133058454,402321070,402470705,3168,Netlify,,text/html; charset=UTF-8
www.checkbot.io,https,45515617,1175135918,1216399043,178473,Netlify,,text/html; charset=UTF-8
www.dahut.tech,https,62544482,163828072,163898259,123,openresty/1.13.6.2,,text/html
www.danheath.io,https,121266709,129182551,129440103,16783,openresty,"cache-ams12728-AMS, cache-hel1410029-HEL",text/html; charset=utf-8
www.danielecook.com,https,22682740,142655792,143014350,42415,GitHub.com,cache-hel1410031-HEL,text/html; charset=utf-8
www.davidvlijmincx.com,https,51331438,182693567,183048226,14572,cloudflare,,text/html; charset=utf-8
www.desudesu.com,https,40838950,121556539,121772181,11966,nginx,,text/html
www.dgnemo.com,https,29723802,36658726,106516919,3349,,cache-hel1410026-HEL,text/html; charset=utf-8
www.davidwparker.com,https,62686227,290946049,291216620,20781,Vercel,,text/html
www.circuitbored.com,http,133045235,1179390310,1179676100,14484,openresty/1.19.9.1,,text/html; charset=utf-8
www.elliotcsmith.com,https,157588304,167088645,167546690,53050,openresty,"cache-ams21054-AMS, cache-hel1410026-HEL",text/html; charset=utf-8
www.davidschlachter.com,https,257768241,740415874,746967080,53689,nginx/1.20.2,,text/html; charset=UTF-8
www.davewasthere.com,https,31357919,833788191,835078389,14736,Netlify,,text/html; charset=UTF-8
www.forrestthewoods.com,https,52368444,118130511,118540338,15589,Netlify,,text/html; charset=UTF-8
www.dullsville.com,https,230483000,599214125,599279323,864,Apache,,text/html
www.damninteresting.com,https,30336931,1105623674,1278022896,77651,Apache,,text/html; charset=UTF-8
www.ft.io,https,101959438,281693761,281823087,2583,Netlify,,text/html; charset=UTF-8
www.gkbrk.com,https,82176093,88548905,89239773,25329,BunnyCDN-FI1-615,,text/html
www.getzola.org,https,62986257,128753165,128893490,5446,Netlify,,text/html; charset=UTF-8
www.ericzheng.org,https,68184927,733185129,733241178,1096,,,text/html; charset=utf-8
www.getkirby.com,https,59511052,178860912,320779127,99126,nginx,,text/html; charset=UTF-8
www.drusepth.com,https,61120459,864740293,1031392853,228401,Apache,,text/html; charset=UTF-8
www.holloway.com,https,68367504,105600540,107848366,214048,,,text/html; charset=utf-8
www.hemloc.io,https,129188690,242218307,242394171,6354,Vercel,,text/html; charset=utf-8
www.harrydehal.com,https,31233942,470365954,470693233,9728,cloudflare,,text/html; charset=utf-8
www.halvorson.photography,https,60749090,531110954,531193271,2975,Netlify,,text/html; charset=UTF-8
www.homekasa.io,https,116447656,209084447,209854542,24732,Caddy,,text/html; charset=utf-8
www.homeforbutterflies.com,https,222658654,335470748,335548936,1024,nginx/1.18.0 (Ubuntu),,text/html; charset=UTF-8
www.dmitrivolkov.com,https,52396382,1512139627,1512307642,4547,Netlify,,text/html; charset=UTF-8
www.frdmtoplay.com,https,192686301,1116677993,1117092090,49203,nginx/1.14.0 (Ubuntu),,text/html; charset=utf-8
www.jaimefjorge.com,https,30903233,210763061,211412250,32533,Netlify,,text/html; charset=UTF-8
www.imkylelambert.com,https,208808045,405442388,405689500,9753,openresty,"cache-iad-kcgs7200080-IAD, cache-dub4338-DUB",text/html
www.jacobheric.com,https,149650483,338462761,338648185,16512,Netlify,,text/html; charset=UTF-8
www.jaredwiener.com,https,97121936,119261005,119409840,10658,AmazonS3,,text/html
www.hxa.name,https,232933290,753991551,754351190,27497,Apache,,text/html; charset=UTF-8
www.fer.xyz,https,113781883,1768835813,1768989578,4138,Netlify,,text/html; charset=UTF-8
www.jiminyclick.com,https,27538873,387764825,387828523,3774,Kestrel,,text/html; charset=utf-8
www.jaruzel.com,https,74661447,221329488,451546296,11511,Apache/2.4.38 (Debian),,text/html; charset=UTF-8
www.joshbochu.com,https,62173394,208164176,208314982,4582,Vercel,,text/html; charset=utf-8
www.jwilber.me,https,99823947,222446232,222648955,8854,GitHub.com,cache-hel1410034-HEL,text/html; charset=utf-8
www.justus.ws,https,153345833,295061155,295286078,12137,GitHub.com,cache-hel1410025-HEL,text/html; charset=utf-8
www.joeycato.com,https,21159890,440052520,675311705,174252,Netlify,,text/html; charset=UTF-8
www.kormosi.com,https,26374930,121662836,121732063,3494,nginx,,text/html; charset=utf-8
www.jamieonkeys.dev,https,147509513,1035627454,1035820298,7548,Netlify,,text/html; charset=UTF-8
www.lambdalatitudinarians.org,https,89980108,214728213,214895537,4554,GitHub.com,cache-hel1410025-HEL,text/html; charset=utf-8
www.johnxie.com,https,68468349,869795508,877528856,38075,cloudflare,,text/html; charset=UTF-8
www.lancesells.com,https,223491078,298048739,298226453,7298,cloudflare,,text/html; charset=utf-8
www.kulman.sk,https,108449866,412542828,412756511,8949,Netlify,,text/html; charset=UTF-8
www.leftium.com,https,62174495,252420275,252560670,3180,cloudflare,cache-fra19169-FRA,text/html; charset=utf-8
www.kemendo.com,https,362299406,949860410,950016825,4475,Apache,,text/html; charset=UTF-8
www.krajzewicz.de,https,143493705,783374244,783458931,10099,Apache/2.4.53 (Unix),,text/html; charset=UTF-8
www.leandrosf.com,https,33262946,394761096,394948781,8592,cloudflare,,text/html; charset=utf-8
www.lastrecession.com,https,179843720,544302545,544420881,5292,Apache,,text/html; charset=UTF-8
www.louiscordier.com,https,56518428,189096329,189198315,930,nginx/1.10.0 (Ubuntu),,text/html
www.lucasoato.com,https,119184125,171600408,171859350,2125,AmazonS3,,text/html
www.laundry.sh,https,366228197,974204586,974393699,14907,Apache,,text/html; charset=UTF-8
www.m-guerville.com,https,44506700,300768220,336834744,157853,cloudflare,,text/html; charset=UTF-8
www.listenaddict.com,https,32310427,815815017,937753974,57294,cloudflare,,text/html
www.mani.ai,https,39403916,333155015,397291225,355877,Pepyaka/1.19.10,,text/html; charset=UTF-8
www.mahnamahna.net,https,221573480,649579723,652807048,5210,Apache/2.4.41 (Ubuntu),,text/html; charset=utf-8
www.marekdlugos.com,https,94921567,228076388,228243703,3979,GitHub.com,cache-hel1410034-HEL,text/html; charset=utf-8
www.markusde.ca,https,48613556,171048306,171157542,1341,GitHub.com,cache-hel1410031-HEL,text/html; charset=utf-8
www.masonhall.tech,https,54196165,158173117,158317102,4101,Vercel,,text/html; charset=utf-8
www.makarioslabs.com,https,296865867,755114435,755221291,3197,Apache,,text/html
www.lteran.com,https,83356644,625212137,1212683575,20756,nginx,,text/html; charset=UTF-8
www.maxlaumeister.com,https,71259758,163759284,164158940,22769,Netlify,,text/html; charset=UTF-8
www.megancooper.com,https,37289495,247451177,247578873,3289,Vercel,,text/html; charset=utf-8
www.maurits.ch,https,176385113,403965198,404171831,10744,nginx/1.18.0 (Ubuntu),,text/html; charset=utf-8
www.matthewhoelter.com,https,127399709,517430929,517621502,15339,nginx/1.10.3 (Ubuntu),,text/html
www.mi-wang.art,https,67389604,312441959,312698671,887,cloudflare,,text/html
www.ivanmontilla.com,https,41054842,3564362055,3565030503,55203,cloudflare,,text/html;charset=UTF-8
www.lelanthran.com,https,251106868,664754879,1817762129,12231,Apache,,text/html
www.mnsh.me,https,40423863,141172530,141458861,18139,Vercel,,text/html; charset=utf-8
www.mkdocs.org,https,60422541,182309460,182552642,14301,GitHub.com,cache-hel1410022-HEL,text/html; charset=utf-8
www.locserendipity.com,https,47409485,821455994,1987880485,4797568,Apache,,text/html
www.nexle.dk,https,68486788,282541564,283048438,44925,cloudflare,,text/html; charset=UTF-8
www.miscbeef.com,https,129569888,538181694,538315570,2354,nginx/1.14.0 (Ubuntu),,text/html; charset=utf-8
www.neilgrogan.com,https,76359972,431444353,431694915,14910,cloudflare,,text/html; charset=utf-8
www.novocantico.org,https,38260944,395788885,395918201,9169,nginx/1.18.0 (Ubuntu),,text/html
www.mikekasberg.com,https,223429469,719778107,720009409,10999,Apache,,text/html; charset=UTF-8
www.ovao.dev,https,26820246,126324613,126486128,5908,Vercel,,text/html; charset=utf-8
www.osiux.ws,https,67679145,170825894,321136816,1059106,Vercel,,text/html; charset=utf-8
www.parimashah.com,https,61057390,180839407,180986763,5310,GitHub.com,cache-hel1410025-HEL,text/html; charset=utf-8
www.neilvandyke.org,https,377456732,765326234,765384442,2253,Apache,,text/html
www.peterlunch.com,https,57179436,299483971,300936014,68195,Vercel,,text/html; charset=utf-8
www.npilk.com,https,70299249,676948543,716595251,19786,cloudflare,,text/html; charset=utf-8
www.preetamnath.com,https,90054486,311497291,311760492,11559,openresty,"cache-iad-kjyo7100094-IAD, cache-dub4350-DUB",text/html
www.nxn.se,https,45376681,385076043,694509380,514511,Squarespace,,text/html;charset=utf-8
www.puntofisso.net,https,74306569,204438139,204826696,28404,Apache/2.4.18 (Ubuntu),,text/html
www.rdegges.com,https,32822360,99047822,121065455,68129,Netlify,,text/html; charset=UTF-8
www.pwshman.com,https,136246050,218576738,218661095,77,LiteSpeed,,text/html; charset=UTF-8
www.realtorstats.org,https,96593082,199777000,200043332,10620,Vercel,,text/html; charset=utf-8
www.robcohen.dev,https,231985511,236512484,236636470,2116,BunnyCDN-FI1-615,,text/html
www.reactivated.io,https,103889115,394124718,402339390,43630,Fly/26927321 (2022-03-31),,text/html; charset=utf-8
www.programmingtil.com,https,81199694,851028390,851337040,16204,Vercel,,text/html
www.roman015.com,https,201076038,497598816,497935335,4279,,,text/html
www.rightisleft.com,https,96250374,865994333,866282584,31335,nginx,cache-sea4470-SEA,text/html; charset=utf-8
www.sakisv.net,https,72219506,616566300,631827012,10044,cloudflare,,text/html; charset=utf-8
www.prestigecity.gen.in,https,146532076,1299286214,1587653629,215649,nginx,,text/html
www.qusaihaider.com,https,44883527,1343870172,1365461268,57513,cloudflare,,text/html; charset=UTF-8
www.skruban.com,https,42500135,162645920,162811815,5319,GitHub.com,cache-hel1410020-HEL,text/html; charset=utf-8
www.mikedamm.com,https,324507707,914532952,2872151435,1102,nginx,,text/html
www.sciencemadness.org,https,134049243,798472924,798578771,1145,Apache/2.4.18 (Ubuntu),,text/html; charset=utf-8
www.shawnmatthewcrawford.com,https,63085825,355544466,355793378,10682,Netlify,,text/html; charset=UTF-8
www.smm2-viewer.com,https,53783928,161907425,162045270,2526,Vercel,,text/html; charset=utf-8
www.spickermann.com,https,87210918,104838794,105066856,4427,AmazonS3,,text/html
www.splitbrain.org,https,64632084,181763148,182229803,22576,Apache/2.4.25 (Debian),,text/html; charset=utf-8
www.stargrave.org,https,46761607,108011271,108211105,6969,godlighty/0.1.0,,text/html
www.solomonsklash.io,https,98851799,494251176,494522577,21051,nginx,,text/html
www.smashcompany.com,http,51127344,209838452,524333316,683035,Apache/2.4.37 (centos),,text/html; charset=UTF-8
www.taigi100.com,https,135274562,151129705,151321650,2472,AmazonS3,,text/html
www.superservice-international.com,https,100660120,206823911,207133501,15692,Vercel,,text/html; charset=utf-8
www.teatechnique.org,https,57499737,68648184,69438198,80469,openresty,"cache-ams12730-AMS, cache-hel1410024-HEL",text/html; charset=utf-8
www.talhamirza.com,https,51037287,181362450,181773587,10133,cloudflare,,text/html
www.scottmurray.me,https,61366230,1212413416,1212575941,5355,LiteSpeed,,text/html; charset=UTF-8
www.talhoffman.com,https,80876045,199036224,200019733,87908,GitHub.com,cache-hel1410034-HEL,text/html; charset=utf-8
www.tedsanders.com,https,19291672,138746189,138875595,7388,GitHub.com,cache-hel1410028-HEL,text/html; charset=utf-8
www.tetsu.eu,https,117334797,215202737,215442559,2559,,,text/html;charset=UTF-8
www.thebarterbee.com,https,51465443,230199879,230319516,2270,Netlify,,text/html; charset=UTF-8
www.rowanhick.com,https,29344284,1947032710,2269393276,168787,cloudflare,,text/html; charset=UTF-8
www.thran.uk,https,92913782,491505614,491741907,13532,nginx/1.14.2,,text/html
www.usuallypragmatic.com,https,143242562,260714784,260984335,19434,GitHub.com,cache-hel1410031-HEL,text/html; charset=utf-8
www.vincentorback.se,https,65359630,112234353,112803395,35940,LiteSpeed,,text/html; charset=utf-8
www.spencerharston.com,https,537741399,1481271405,1481398731,1659,Netlify,,text/html; charset=UTF-8
www.time2temp.com,https,181019202,717644106,717730244,1620,,,text/html
www.windows93.net,https,53972691,174942989,175629686,41562,Apache/2.4.9 (Debian),,text/html; charset=UTF-8
www.vladsiv.com,https,166820435,302153675,302436836,16527,GitHub.com,cache-hel1410026-HEL,text/html; charset=utf-8
www.therror.com,https,50356969,899166782,899846750,50223,nginx/1.14.0 (Ubuntu),,text/html; charset=UTF-8
www.wonderolie.nl,https,130610823,284654354,285099380,29977,Apache,,text/html; charset=UTF-8
www.thehighestcritic.com,https,65073428,699510997,1118315251,166584,cloudflare,,text/html; charset=UTF-8
xavd.id,https,61984410,131454166,131927441,45343,Netlify,,text/html; charset=UTF-8
xenodium.com,https,142674451,268626428,269796349,198944,GitHub.com,cache-hel1410020-HEL,text/html; charset=utf-8
www.viksit.com,https,213829203,682967087,1088078337,128934,GatsbyHosting,cache-hel1410034-HEL,text/html; charset=utf-8
xn--g5hx212o.ml,https,81995428,230536018,230679813,3410,GitHub.com,cache-hel1410023-HEL,text/html; charset=utf-8
xn--wxa.bje.id.au,https,63067115,280059065,280266659,8239,cloudflare,cache-hhn4034-HHN,text/html; charset=utf-8
www.ycombinator.com,https,64931726,966953515,967767338,58280,cloudflare,,text/html; charset=utf-8
www.ruffandtuffrecordings.com,http,147872142,3